id,name,type,age,year,sector,genre,country,production,director,networth,agent,boxoffice
francr,Friends & Crocodiles,2,16,2005,1,2,UK,BBC One,Stephen Poliakoff,0,0,0
merlin,Merlin,2,21,2010,2,2,UK,BBC One,Ashley Way,0,0,0
juwi,Just William,2,21,2010,2,9,UK,BBC One,Paul Seed,0,0,0
gala,Garrows Law,2,22,2011,2,2,UK,Twenty Twenty,Bryn Higgins,0,0,0
thmu,The Musketeers,2,27,2016,2,2,UK,BBC One,Susan Tully,0,0,0
thlociofz,The Lost City of Z,2,27,2016,1,2,US,Paramount Pictures,James Gray,0,0,19000000
edison,Edison,2,28,2017,1,2,US,The Weinstein Company,Alfonso Gomez-Rejon,0,0,12000000
thbaofbusc,The Ballad of Buster Scruggs,2,29,2018,1,2,US,Mike Zoss Productions,Ethan Coen,0,0,0
thbaofbuscc,The Ballad of Buster Scruggs,2,29,2018,1,2,US,Mike Zoss Productions,Joel Coen,0,0,0
trautmann,Trautmann,2,29,2018,1,2,UK,Lieblingsfilm,Marcus H. Rosenmüller,0,0,1900000
wafothba,Waiting for the Barbarians,2,30,2019,1,2,US,Constantin Film,Ciro Guerra,0,0,760.000
thwaofthwo,The War of the Worlds,2,30,2019,2,1,UK,Mammoth Screen,Craig Viveiros,0,0,0
hidama,His Dark Materials,2,30,2019,2,5,UK,BBC One,Otto Bathurst,0,0,0
tholgu,The Old Guard,2,31,2020,1,1,US,Skydance,Gina Prince-Bythewood,0,0,0
thdealthti,The Devil All the Time,2,31,2020,1,3,US,Bronx Moving Co.,Antonio Campos,0,0,0
sayopr,Say Your Prayers,2,31,2020,1,6,UK,Gravitas Ventures,Harry Michell,0,0,0
thquga,The Queen´s Gambit,2,31,2020,2,2,US,Netflix,Scott Frank ,0,0,0
thtrofma,The Tragedy of Macbeth,2,32,2021,1,2,US,A24,Joel Coen,0,0,525.000
plbapl,Please Baby Please,2,33,2022,1,9,US,Rivulet Media,Amanda Kramer,0,0,25.000
thpabley,The Pale Blue Eye,2,33,2022,1,3,US,Cross Creek Pictures,Scott Cooper,0,0,0
hame,Harry Melling,1,0,0,7,0,0,0,0,3,Sophie Holden,0
soho,Sophie Holden,1,0,0,10,0,0,0,0,0,0,0
stpo,Stephen Poliakoff,1,0,0,8,0,0,0,0,0,0,0
mabi,Matt Birch,1,0,0,8,0,0,0,0,0,0,0
aswa,Ashley Way,1,0,0,8,0,0,0,0,0,0,0
pase,Paul Seed,1,0,0,8,0,0,0,0,0,0,0
brhi,Bryn Higgins,1,0,0,8,0,0,0,0,0,0,0
sutu,Susan Tully,1,0,0,8,0,0,0,0,0,0,0
jagr,James Gray,1,0,0,8,0,0,0,0,0,0,0
algore,Alfonso Gomez-Rejon,1,0,0,8,0,0,0,0,0,0,0
etco,Ethan Coen,1,0,0,8,0,0,0,0,0,0,0
joco,Joel Coen,1,0,0,8,0,0,0,0,0,0,0
mahro,Marcus H. Rosenmüller,1,0,0,8,0,0,0,0,0,0,0
cigu,Ciro Guerra,1,0,0,8,0,0,0,0,0,0,0
crvi,Craig Viveiros,1,0,0,8,0,0,0,0,0,0,0
otba,Otto Bathurst,1,0,0,8,0,0,0,0,0,0,0
giprby,Gina Prince-Bythewood,1,0,0,8,0,0,0,0,0,0,0
anca,Antonio Campos,1,0,0,8,0,0,0,0,0,0,0
hami,Harry Michell,1,0,0,8,0,0,0,0,0,0,0
scfr,Scott Frank,1,0,0,8,0,0,0,0,0,0,0
amkr,Amanda Kramer,1,0,0,8,0,0,0,0,0,0,0
scco,Scott Cooper,1,0,0,8,0,0,0,0,0,0,0
elar,Electronic Arts,2,0,0,9,0,0,0,0,0,0,0
twtw,Twenty Twenty,2,0,0,9,0,0,0,0,0,0,0
thweco,The Weinstein Company,2,0,0,9,0,0,0,0,0,0,0
mizopr,Mike Zoss Productions,2,0,0,9,0,0,0,0,0,0,0
lieblingsfilm,Lieblingsfilm,2,0,0,9,0,0,0,0,0,0,0
cofi,Constantin Film,2,0,0,9,0,0,0,0,0,0,0
mammoth,Mammoth Screen,2,0,0,9,0,0,0,0,0,0,0
skydance,Skydance,2,0,0,9,0,0,0,0,0,0,0
brmoco,Bronx Moving Co.,2,0,0,9,0,0,0,0,0,0,0
grve,Gravitas Ventures,2,0,0,9,0,0,0,0,0,0,0
a24,A24,2,0,0,9,0,0,0,0,0,0,0
rime,Rivulet Media,2,0,0,9,0,0,0,0,0,0,0
crcrpi,Cross Creek Pictures,2,0,0,9,0,0,0,0,0,0,0
japh,James Phelps,1,1,1986,7,0,UK,0,0,1,Michael Ford,0
mifo,Michael Ford,1,0,0,10,0,0,0,0,0,0,0
wath,Ward three,2,26,2012,1,4,UK,Met Film School,Saad Abbas,0,0,0
thtu,The Turn,2,26,2012,1,2,UK,Superfilm Productions,Christian Krohn,0,0,0
siwi,Silent Witness,2,29,2015,2,2,UK,British Broadcasting Corporation,Timothy Prager,0,0,0
daanthhuzo,Danny and the Human Zoo,2,29,2015,1,2,UK,British Broadcasting Corporation,Destiny Ekaragha,0,0,0
patchwork,Patchwork,2,29,2015,1,6,US,Infinite Lives Entertainment,Tyler Maclntyre,0,0,0
seda,Seven Days,2,33,2019,1,7,UK,Pixel Revolution Films,Dominic Higgins,0,0,0
cadia,Cadia,2,33,2019,1,5,US,Just a Skosh Productions,Cedric Gegel,0,0,0
laniinso,Last Night in Soho,2,35,2021,1,2,UK,Focus Features International,Edgar Wright,0,0,22000000
nonono,Normal not Normal,2,36,2022,6,7,UK,Stabl,Alice Homewood,0,0,0
siwh,Simon Wheeler,1,0,0,8,0,0,0,0,0,0,0
saab,Saad Abbas,1,0,0,8,0,0,0,0,0,0,0
chkr,Christian Krohn,1,0,0,8,0,0,0,0,0,0,0
tipr,Timothy Prager,1,0,0,8,0,0,0,0,0,0,0
tyma,Tyler Maclntyre,1,0,0,8,0,0,0,0,0,0,0
dohi,Dominic Higgins,1,0,0,8,0,0,0,0,0,0,0
cege,Cedric Gegel,1,0,0,8,0,0,0,0,0,0,0
edwr,Edgar Wright,1,0,0,8,0,0,0,0,0,0,0
alho,Alice Homewood,1,0,0,8,0,0,0,0,0,0,0
hepi,Heraclitus Pictures,2,0,0,9,0,0,0,0,0,0,0
pafiante,Parallel Film and Television,2,0,0,9,0,0,0,0,0,0,0
mefisc,Met Film School,2,0,0,9,0,0,0,0,0,0,0
supr,Superfilm Productions,2,0,0,9,0,0,0,0,0,0,0
bbc,British Broadcasting Corporation,2,0,0,9,0,0,0,0,0,0,0
inlien,Infinite Lives Entertainment,2,0,0,9,0,0,0,0,0,0,0
pire,Pixel Revolution Films,2,0,0,9,0,0,0,0,0,0,0
juaskpr,Just a Skosh Productions,2,0,0,9,0,0,0,0,0,0,0
stabl,Stabl,2,0,0,9,0,0,0,0,0,0,0
rugr,Rupert Grint,1,1,1988,7,0,UK,0,0,50,Sean Liebowitz,0
seli,Sean Liebowitz,1,0,0,10,0,0,0,0,0,0,0
thunderpants,Thunderpants,2,14,2002,1,6,UK,Mission Pictures,Peter Hewitt,0,0,3000000
drle,Driving Lessons,2,18,2006,1,6,UK,UK Film Council,Jermey Brock,0,0,1000000
cherrybomb,Cherrybomb,2,21,2009,1,3,UK,Generation Entertainment,Lisa Barros DSa,0,0,30.000
wita,Wild Target,2,22,2010,1,1,UK,Magic Light Productions,Jonathan Lynn,0,0,4000000
coflwime,Come Fly With me,2,23,2011,2,6,UK,Little Britian Productions,Paul King,0,0,0
intowh,Into the White,2,24,2012,1,1,NOR,Film Fund FUZZ,Petter Naess,0,0,700000
amda,American Dad,2,24,2012,2,8,US,20th Century Fox,Seth MacFarlane,0,0,
lalechc,Lang lebe Charly Countryman,2,25,2013,1,2,US,Voltage Pictures,Frederik Bond,0,0,400000
cbgb,CBGB,2,25,2013,1,2,US,Unclaimed Freight Productions,Randall Miller,0,0,40000
sucl,Super Clyde,2,25,2013,1,8,US,CBS Entertainment,Michael Fresco,0,0,0
popa,Postman Pat,2,25,2013,1,8,UK,Rubicon Group Holding,Mike Disa,0,0,9000000
moonwalkers,Moonwalkers,2,27,2015,1,6,FR,Will Vinton,Antoine Bardou Jacquet,0,0,100000
snatch,Snatch,2,29,2017,2,1,UK,Exile Entertainment Double Dare You,Guy Ritchie,0,0,0
sino,Sick Note,2,30,2018,2,6,UK,BBC,Matt Lipsey,0,0,0
dimodeheab,Die Morde des Herrn ABC,2,30,2018,2,3,UK,Columbia Pictures,Frank Tashlin,0,0,0
servant,Servant,2,35,2023,2,4,US,King Bert Productions,M Night Shymalan,0,0,0
gudetocaofcu,Gullimero del Toros Cabinet of Curiosities,2,34,2022,2,4,US,Metro Goldwyn Mayer,Jennifer Kent,0,0,0
knthca,Knock the Cabin,2,35,2023,1,4,US,Blinding Edge Pictures,M Night Shymalan,0,0,53000000
leho,Lego House,2,23,2011,5,9,US,Warner Music Group,Shane Ramirez,0,0,0
habipepa,Happy Bithday Peter Pan,2,17,2005,2,7,UK,Diverse Productions,Roy Ackerman,0,0,0
fussball,Fussball,2,25,2013,1,8,ARG,100 Bares,Juan Jose Campanella,0,0,0
enofma,Enemy of man,2,26,2014,1,2,UK,Universal Studios,Vincent Regan,0,0,0
trulsh,Tracey Ullmans Show,2,28,2016,2,6,UK,Hell Kite Films,Jamie Dooner,0,0,0
urmy,Urban Myths,2,29,2017,2,6,UK,Sky Arts,Ben Palmer,0,0,0
mipi,Mission Pictures,2,0,0,9,0,0,0,0,0,0,0
ukfico,UK Film Council,2,0,0,9,0,0,0,0,0,0,0
geen,Generation Entertainment,2,0,0,9,0,0,0,0,0,0,0
malipr,Magic Light Productions,2,0,0,9,0,0,0,0,0,0,0
fifufu,Film Fund FUZZ,2,0,0,9,0,0,0,0,0,0,0
vopi,Voltage Pictures,2,0,0,9,0,0,0,0,0,0,0
unfrpr,Unclaimed Freight Productions,2,0,0,9,0,0,0,0,0,0,0
rugrho,Rubicon Group Holding,2,0,0,9,0,0,0,0,0,0,0
wivi,Will Vinton,2,0,0,9,0,0,0,0,0,0,0
exendodayo,Exile Entertainment Double Dare You,2,0,0,9,0,0,0,0,0,0,0
kibepr,King Bert Productions,2,0,0,9,0,0,0,0,0,0,0
bledpi,Blinding Edge Pictures,2,0,0,9,0,0,0,0,0,0,0
dipr,Diverse Productions,2,0,0,9,0,0,0,0,0,0,0
100ba,100 Bares,2,0,0,9,0,0,0,0,0,0,0
unst,Universal Studios,2,0,0,9,0,0,0,0,0,0,0
hekifi,Hell Kite Films,2,0,0,9,0,0,0,0,0,0,0
skar,Sky Arts,2,0,0,9,0,0,0,0,0,0,0
pehe,Peter Hewitt,1,0,0,8,0,0,0,0,0,0,0
jebr,Jeremy Brock,1,0,0,8,0,0,0,0,0,0,0
libads,Lisa Barros DSa,1,0,0,8,0,0,0,0,0,0,0
joly,Jonathan Lynn,1,0,0,8,0,0,0,0,0,0,0
paki,Paul King,1,0,0,8,0,0,0,0,0,0,0
pena,Petter Naess,1,0,0,8,0,0,0,0,0,0,0
sema,Seth MacFarlane,1,0,0,8,0,0,0,0,0,0,0
frbo,Frederik Bond,1,0,0,8,0,0,0,0,0,0,0
rami,Randall Miller,1,0,0,8,0,0,0,0,0,0,0
mifr,Michael Fresco,1,0,0,8,0,0,0,0,0,0,0
midi,Mike Disa,1,0,0,8,0,0,0,0,0,0,0
anba,Antoine Bardou Jacquet,1,0,0,8,0,0,0,0,0,0,0
guri,Guy Ritchie,1,0,0,8,0,0,0,0,0,0,0
mali,Matt Lipsey,1,0,0,8,0,0,0,0,0,0,0
frta,Frank Tashlin,1,0,0,8,0,0,0,0,0,0,0
mnish,M Night Shymalan,1,0,0,8,0,0,0,0,0,0,0
jeke,Jennifer Kent,1,0,0,8,0,0,0,0,0,0,0
shra,Shane Ramirez,1,0,0,8,0,0,0,0,0,0,0
roac,Roy Ackerman,1,0,0,8,0,0,0,0,0,0,0
jujoca,Juan Jose Campanella,1,0,0,8,0,0,0,0,0,0,0
vire,Vincent Regan,1,0,0,8,0,0,0,0,0,0,0
jado,Jamie Dooner,1,0,0,8,0,0,0,0,0,0,0
bepa,Ben Palmer,1,0,0,8,0,0,0,0,0,0,0
thplwhiwr,The Play What I Wrote,2,39,2001,4,6,UK,Wyndhams Theatre,Kenneth Branagh,0,0,0
spider,Spider,2,40,2002,1,3,US,Sony Pictures Classics,David Cronenberg,0,0,6000000
dedivomoca,Der Dieb von Monte Carlo,2,40,2002,1,2,US,Fox,Neil Jordan,0,0,6000000
rodr,Roter Drache,2,40,2002,1,4,US,Universal Pictures,Brett Ratner,0,0,210000000
malost,Manhatten Love Story,2,40,2002,1,6,US,Columbia Pictures,Kenneth Branagh,0,0,155000000
thtacu,The Talking Cure,2,41,2003,4,2,UK,Royal National Theatre,Howard Davies,0,0,0
brand,Brand,2,41,2003,4,2,UK,The Royal Shakespeare Company,Adrian Noble,0,0,0
liki,Libertys Kids,2,40,2002,2,8,US,PBS,Judith Reilly,0,0,0
likitwo,Libertys Kids,2,41,2003,2,8,US,PBS,Judith Reilly,0,0,0
frahiofus,Freedom A History of US,2,41,2003,2,7,US,PBS,Philip Kunhardt III,0,0,0
tedatodd,Ten Days to DDay,2,42,2004,1,2,US,AandEs History Channel,Marion Milne,0,0,0
thchglinkldo,The Chumscrubber Glueck in kleinen Dosen,2,43,2005,1,2,US,Picturehouse,Arie Posin,0,0,350.000
chromophobia,Chromophobia,2,43,2005,1,2,CAN,Momentum Pictures,Martha Fiennes,0,0,490.000
deewga,Der ewige Gaertner,2,43,2005,1,2,US,Focus Features,Fernando Meirelles,0,0,82000000
waungraudejanaderi,Wallace und Gromit Auf der Jagd nach dem Riesenkaninchen,2,43,2005,1,8,US,DreamWorks,Steve Box,0,0,194000000
waungraudejanaderitwo,Wallace Gromit Auf der Jagd nach dem Riesenkaninchen,2,43,2005,1,8,US,DreamWorks,Nick Park,0,0,194000000
thwhco,The White Countess,2,43,2005,1,2,US,Sony Pictures Classics,James Ivory,0,0,4000000
hapoanthgooffi,Harry Potter and the Goblet of Fire,2,43,2005,6,9,US,Electronic Arts,Nuno Miranda,0,0,0
juca,Julius Caesar,2,43,2005,4,2,UK,Barbican Centre,Deborah Warner,0,0,0
fahe,Faith Healer,2,44,2006,4,2,UK,GateTheatre,Jonathan Kent,0,0,0
laofthbl,Land of the Blind,2,44,2006,1,3,US,Samuel Goldwyn Films,Robert Edwards,0,0,25.000
beando,Bernard and Doris,2,44,2006,1,6,US,HBO,Bob Balaban,0,0,0
filo,First Love,2,45,2007,4,2,AUS,Sydney Festival,Michael Colgan,0,0,0
hapoanthorofthph,Harry Potter and the Order of the Phoenix,2,45,2007,6,9,US,Electronic Arts,Matt Birch,0,0,0
degodege,Der Gott des Gemetzels,2,46,2008,4,6,UK,Gielgud Theatre,Matthew Warchus,0,0,0
kooe,Koenig Oedipus,2,46,2008,4,2,UK,Royal National Theatre,Jonathan Kent,0,0,0
brseunst,Bruegge sehen und sterben,2,46,2008,1,6,US,Focus Features,Martin McDonagh,0,0,40000000
dihe,Die Herzogin,2,46,2008,1,3,US,Paramount Pictures,Saul Dibb,0,0,43000000
tokothhulo,Toedliches Kommando The Hurt Locker,2,46,2008,1,1,DE,Summit Media,Kathryn Bigelow,0,0,49000000
devo,Der Vorleser,2,46,2008,1,2,US,Weinstein Co,Stephen Daldry,0,0,109000000
thwidr,The Wildest Dream,2,48,2010,1,7,US,National Geographic,Anthony Geffen,0,0,890.000
eizanaknaufaineineab,Eine zauberhafte Nanny Knall auf Fall in ein neues Abenteuer,2,48,2010,1,6,US,Universal Studios,Susanna White,0,0,93000000
kadeti,Kampf der Titanen,2,48,2010,1,2,US,Warner Bros,Louis Leterrier,0,0,493000000
cejudaleunaner,Cemetery Junction Das Leben und andere Ereignisse,2,48,2010,1,2,US,Sony Pictures,Ricky Gervais,0,0,2300000
cejudaleunanertwo,Cemetery Junction Das Leben und andere Ereignisse two,2,48,2010,1,2,US,Sony Pictures,Stephen Merchant,0,0,2300000
dest,Der Sturm,2,49,2011,4,2,UK,Theatre Royal Haymarket,Trevor Nunn,0,0,0
coriolanus,Coriolanus,2,49,2011,1,1,US,Weinstein Co,Ralph Fiennes,0,0,2400000
diveveauhoeb,Die Verschwoerung Verrat auf hoechster Ebene,2,49,2011,1,3,AUT,Koch Media GmbH,David Hare,0,0,0
zodeti,Zorn der Titanen,2,50,2012,1,1,US,Warner Bros,Jonathan Liebesmann,0,0,301000000
grer,Große Erwartungen,2,50,2012,1,2,US,Fox,Mike Newell,0,0,6200000
jabosk,James Bond Skyfall,2,50,2012,1,1,US,Sony Pictures Entertainment,Sam Mendes,0,0,1142000000
thinwo,The Invisible Woman,2,51,2013,1,2,UK,Sony Pictures Classics,Ralph Fiennes,0,0,4000000
grbuho,Grand Budapest Hotel,2,52,2014,1,6,US,Fox Searchlight,Wes Anderson,0,0,173000000
divetoge,Die Verschwörung Tödliche Geschäfte,2,52,2014,1,3,AUT,Koch Media GmbH,David Hare,0,0,0
divegnja,Die Verschwörung Gnadenlose Jagd,2,52,2014,1,3,AUT,Koch Media GmbH,David Hare,0,0,0
rev,Rev,2,52,2014,2,6,US,BBC America,Peter Cattaneo,0,0,0
mevde,Mesyats v derevne,2,52,2014,1,2,US,Warner Bros,Vera Glagoleva,0,0,0
maansu,Man and Superman,2,53,2015,4,2,UK,Royal National Theatre,Simon Godwin,0,0,0
abisp,A Bigger Splash,2,53,2015,1,3,FR,Fox Searchlight,Luca Guadagnino,0,0,8000000
jabosp,James Bond Spectre,2,53,2015,1,1,US,Sony Pictures Entertainment,Sam Mendes,0,0,881000000
baso,Baumeister Solness,2,54,2016,4,2,UK,Old Vic Theatre,Matthew Warchus,0,0,0
richardthree,Richard III,2,54,2016,4,2,UK,Almeida Theatre,Rupert Goold,0,0,0
haca,Hail Caesar,2,54,2016,1,6,US,Universal Pictures,Ethan Coen,0,0,64000000
hacatwo,Hail Caesar two,2,54,2016,1,6,US,Universal Pictures,Joel Coen,0,0,64000000
thwo,The Works,2,54,2016,1,2,UK,Kickstarter,Elliot Barnes Worrell,0,0,0
kudetasa,Kubo Der tapfere Samurai,2,54,2016,1,8,US,Focus Features,Travis Knight,0,0,76000000
thlebamo,The Lego Batman Movie,2,55,2017,1,8,US,Warner Bros,Chris McKay,0,0,312000000
seso,Sea Sorrow,2,55,2017,1,7,UK,Dissent Projects LTD,Vanessa Redgrave,0,0,4.000
anuncl,Antonius und Cleopatra,2,56,2018,4,2,UK,Royal National Theatre,Simon Godwin,0,0,0
nuthwhcr,Nurejew The White Crow,2,56,2018,1,2,US,Sony Pictures Classics,Ralph Fiennes,0,0,8000000
hoanwa,Holmes and Watson,2,56,2018,1,6,US,Columbia Pictures,Etan Cohen,0,0,40000000
ofse,Official Secrets,2,57,2019,1,3,CAN,IFC Films,Gavin Hood,0,0,10000000
thlemo2,The Lego Movie 2,2,57,2019,1,8,US,Warner Bros,Mike Mitchell,0,0,192000000
co53,Coup 53,2,57,2019,1,7,UK,Amirani Media,Taghi Amirani,0,0,0
bethde,Beat the Devil,2,58,2020,4,9,UK,Bridge Theatre,Nicholas Hytner,0,0,0
difarededrdo,Die fantastische Reise des Dr Dolittle,2,58,2020,1,6,US,Universal Pictures,Stephen Gaghan,0,0,251000000
diau,Die Ausgrabung,2,59,2021,1,2,US,Netflix,Simon Stone,0,0,0
thfo,The Forgiven,2,59,2021,1,2,US,Roadside Attractions,John Michael McDonagh,0,0,1400000
jabokezezust,James Bond Keine Zeit zu sterben,2,59,2021,1,1,US,Metro Goldwyn Mayer,Cary Joji Fukunaga,0,0,774000000
bethdefilm,Beat the Devil,2,59,2021,1,9,US,Annapurna Pictures,David Hare,0,0,0
thkima,The Kings Man,2,59,2021,1,6,US,20th Century Fox,Matthew Vaughn,0,0,126000000
thme,The Menu,2,60,2022,1,3,US,Searchlight Pictures,Mark Mylod,0,0,80000000
stlicr,Straight Line Crazy,2,60,2022,4,2,UK,Bridge Theatre,Nicholas Hytner,0,0,0
rafi,Ralph Fiennes,1,0,0,7,0,0,0,0,50,Joel Lubin,0
jolu,Joel Lubin,1,0,0,10,0,0,0,0,0,0,0
dacr,David Cronenberg,1,0,0,8,0,0,0,0,0,0,0
nejo,Neil Jordan,1,0,0,8,0,0,0,0,0,0,0
brra,Brett Ratner,1,0,0,8,0,0,0,0,0,0,0
hoda,Howard Davies,1,0,0,8,0,0,0,0,0,0,0
adno,Adrian Noble,1,0,0,8,0,0,0,0,0,0,0
jure,Judith Reilly,1,0,0,8,0,0,0,0,0,0,0
phku,Philip Kunhardt III,1,0,0,8,0,0,0,0,0,0,0
mami,Marion Milne,1,0,0,8,0,0,0,0,0,0,0
arpo,Arie Posin,1,0,0,8,0,0,0,0,0,0,0
mafi,Martha Fiennes,1,0,0,8,0,0,0,0,0,0,0
feme,Fernando Meirelles,1,0,0,8,0,0,0,0,0,0,0
stbo,Steve Box,1,0,0,8,0,0,0,0,0,0,0
nipa,Nick Park,1,0,0,8,0,0,0,0,0,0,0
jaiv,James Ivory,1,0,0,8,0,0,0,0,0,0,0
numi,Nuno Miranda,1,0,0,8,0,0,0,0,0,0,0
dewa,Deborah Warner,1,0,0,8,0,0,0,0,0,0,0
joke,Jonathan Kent,1,0,0,8,0,0,0,0,0,0,0
roed,Robert Edwards,1,0,0,8,0,0,0,0,0,0,0
boba,Bob Balaban,1,0,0,8,0,0,0,0,0,0,0
mico,Michael Colgan,1,0,0,8,0,0,0,0,0,0,0
mawa,Matthew Warchus,1,0,0,8,0,0,0,0,0,0,0
mava,Matthew Vaughn,1,0,0,8,0,0,0,0,0,0,0
mamc,Martin McDonagh,1,0,0,8,0,0,0,0,0,0,0
sadi,Saul Dibb,1,0,0,8,0,0,0,0,0,0,0
kabi,Kathryn Bigelow,1,0,0,8,0,0,0,0,0,0,0
stda,Stephen Daldry,1,0,0,8,0,0,0,0,0,0,0
ange,Anthony Geffen,1,0,0,8,0,0,0,0,0,0,0
suwh,Susanna White,1,0,0,8,0,0,0,0,0,0,0
lole,Louis Leterrier,1,0,0,8,0,0,0,0,0,0,0
rige,Ricky Gervais,1,0,0,8,0,0,0,0,0,0,0
stme,Stephen Merchant,1,0,0,8,0,0,0,0,0,0,0
trnu,Trevor Nunn,1,0,0,8,0,0,0,0,0,0,0
daha,David Hare,1,0,0,8,0,0,0,0,0,0,0
joli,Jonathan Liebesmann,1,0,0,8,0,0,0,0,0,0,0
mine,Mike Newell,1,0,0,8,0,0,0,0,0,0,0
same,Sam Mendes,1,0,0,8,0,0,0,0,0,0,0
wean,Wes Anderson,1,0,0,8,0,0,0,0,0,0,0
peca,Peter Cattaneo,1,0,0,8,0,0,0,0,0,0,0
vegl,Vera Glagoleva,1,0,0,8,0,0,0,0,0,0,0
sigo,Simon Godwin,1,0,0,8,0,0,0,0,0,0,0
lugu,Luca Guadagnino,1,0,0,8,0,0,0,0,0,0,0
rugo,Rupert Goold,1,0,0,8,0,0,0,0,0,0,0
elbawo,Elliot Barnes Worrell,1,0,0,8,0,0,0,0,0,0,0
trkn,Travis Knight,1,0,0,8,0,0,0,0,0,0,0
chmc,Chris Mckay,1,0,0,8,0,0,0,0,0,0,0
vare,Vanessa Redgrave,1,0,0,8,0,0,0,0,0,0,0
etanco,Etan Cohen,1,0,0,8,0,0,0,0,0,0,0
gaho,Gavin Hood,1,0,0,8,0,0,0,0,0,0,0
mimi,Mike Mitchell,1,0,0,8,0,0,0,0,0,0,0
taam,Taghi Amirani,1,0,0,8,0,0,0,0,0,0,0
nihy,Nicholas Hytner,1,0,0,8,0,0,0,0,0,0,0
stga,Stephen Gaghan,1,0,0,8,0,0,0,0,0,0,0
sist,Simon Stone,1,0,0,8,0,0,0,0,0,0,0
jomimc,John Michael McDonagh,1,0,0,8,0,0,0,0,0,0,0
cajofu,Cary Joji Fukunaga,1,0,0,8,0,0,0,0,0,0,0
mamy,Mark Mylod,1,0,0,8,0,0,0,0,0,0,0
wyth,Wyndhams Theatre,2,0,0,9,0,0,0,0,0,0,0
fox,Fox,2,0,0,9,0,0,0,0,0,0,0
ronath,Royal National Theatre,2,0,0,9,0,0,0,0,0,0,0
throshco,The Royal Shakespeare Company,2,0,0,9,0,0,0,0,0,0,0
pbs,PBS,2,0,0,9,0,0,0,0,0,0,0
aaneshich,AandEs History Channel,2,0,0,9,0,0,0,0,0,0,0
picturehouse,Picturehouse,2,0,0,9,0,0,0,0,0,0,0
dreamworks,Dreamworks SKG,2,0,0,9,0,0,0,0,0,0,0
bace,Barbican Centre,2,0,0,9,0,0,0,0,0,0,0
gath,GateTheatre,2,0,0,9,0,0,0,0,0,0,0
sagofi,Samuel Goldwyn Films,2,0,0,9,0,0,0,0,0,0,0
syfe,Sydney Festival,2,0,0,9,0,0,0,0,0,0,0
gith,Gielgud Theatre,2,0,0,9,0,0,0,0,0,0,0
paramount,Paramount,2,0,0,9,0,0,0,0,0,0,0
sume,Summit Media,2,0,0,9,0,0,0,0,0,0,0
nage,National Geographic,2,0,0,9,0,0,0,0,0,0,0
throha,Theatre Royal Haymarket,2,0,0,9,0,0,0,0,0,0,0
komegm,Koch Media GmbH,2,0,0,9,0,0,0,0,0,0,0
fose,Fox Searchlight,2,0,0,9,0,0,0,0,0,0,0
bbca,BBC America,2,0,0,9,0,0,0,0,0,0,0
olvith,Old Vic Theatre,2,0,0,9,0,0,0,0,0,0,0
alth,Almeida Theatre,2,0,0,9,0,0,0,0,0,0,0
kickstarter,Kickstarter,2,0,0,9,0,0,0,0,0,0,0
diprlt,Dissent Projects LTD,2,0,0,9,0,0,0,0,0,0,0
iffi,IFC Films,2,0,0,9,0,0,0,0,0,0,0
brth,Bridge Theatre,2,0,0,9,0,0,0,0,0,0,0
roat,Roadside Attractions,2,0,0,9,0,0,0,0,0,0,0
sepi,Searchlight Pictures,2,0,0,9,0,0,0,0,0,0,0
heboca,Helena Bonham Carter,1,0,0,7,0,0,0,0,60,Nicola Van Gelder,0
nivage,Nicola Van Gelder,1,0,0,10,0,0,0,0,0,0,0
pldeaf,Planet der Affen,2,35,2001,1,5,US,20th Century Fox,Tim Burton,0,0,362000000
novocaine,Novocaine,2,35,2001,1,6,US,Artisan Entertainment,David Atkins,0,0,3000000
football,Football,2,35,2001,1,9,0,0,Gaby Dellal,0,0,0
thheofme,The Heart of Me,2,36,2002,1,2,US,ThinkFilm,Thaddeus O Sullivan,0,0,283000
tihuvowaus,Till Human Voices Wake us,2,36,2002,1,2,US,Paramount Pictures,Michael Petroni,0,0,158000
lifrba,Live from Baghdad,2,36,2002,1,2,US,HBO Films,Mick Jackson,0,0,0
hevi,Henry VIII,2,37,2003,2,2,US,CBS,Pete Travis,0,0,0
bifi,Big Fish,2,37,2003,1,5,US,Columbia Pictures,Tim Burton,0,0,123000000
lesn,Lemony Snicket,2,38,2004,1,6,US,DreamWorks,Brad Silberling,0,0,211000000
chundisc,Charlie und die Schokoladenfabrik,2,39,2005,1,5,US,Warner Bros,Tim Burton,0,0,475000000
cowiotwo,Conversations with other Women,2,39,2005,1,9,US,Fabrication Films,Hans Canosa,0,0,983000
waangrthcoofthwera1,Wallace and Gromit The Course of the Were Rabbit,2,39,2005,6,9,UK,Frontier Developments,,0,0,0
waangrthcoofthwera2,Wallace and Gromit Auf der Jagd nach dem Riesenkaninchen,2,39,2005,1,8,US,DreamWorks,Steve Box,0,0,195000000
cobrhomieile,Corpse Bride Hochzeit mit einer Leiche,2,39,2005,1,8,US,Warner Bros,Tim Burton,0,0,118000000
mase,Magnificent seven,2,39,2005,1,1,US,Metro Goldwyn Mayer,Kenneth Glenaan,0,0,0
sisi,Sixty Six,2,40,2006,1,6,US,First Independent Pictures,Paul Weiland,0,0,2000000
swtodetebaaudeflst,Sweeney Todd Der teuflische Barbier aus der Fleet Street,2,41,2007,1,4,US,Paramount Pictures,Tim Burton,0,0,153000000
tedier,Terminator Die Erloesung,2,43,2009,1,1,US,Warner Bros,Joseph McGinty Nichol,0,0,371000000
enid,Enid,2,43,2009,1,2,US,BBC,James Hawes,0,0,0
degr,Der Grueffelo,2,43,2009,1,8,US,BBC,Max Lang,0,0,0
alimwu,Alice im Wunderland,2,44,2010,1,5,US,Walt Disney,Tim Burton,0,0,1000000000
thkisp,The Kings Speech,2,44,2010,1,2,US,Weinstein Co,Tom Hooper,0,0,484000000
toast,Toast,2,44,2010,1,6,UK,Wtwo Media,S J Clarkson,0,0,154000
litosh,Lifes too short,2,45,2011,2,6,UK,Blink Entertainment,Ricky Gervais,0,0,0
dagr,Das Grueffelokind,2,45,2011,1,8,US,BBC,Uwe Heidschoetter,0,0,40000
ruwaouofthga,Rufus Wainwright Out of the game,2,46,2012,5,9,US,Decca Records,Philip Andelman,0,0,0
dash,Dark Shadows,2,46,2012,1,4,UK,Warner Bros,Tim Burton,0,0,246000000
ath,A Therapy,2,46,2012,1,6,ITA,Prada,Roman Polanski,0,0,0
lemi,Les Miserables,2,46,2012,1,9,US,Universal Pictures,Tom Hooper,0,0,442000000
thlora,The Lone Ranger,2,47,2013,1,1,US,Walt Disney,Gore Verbinski,0,0,261000000
buunta,Burton und Taylor,2,47,2013,1,2,US,BBC,Richard Laxton,0,0,0
dikametr,Die Karte meiner Traeume,2,47,2013,1,1,US,Weinstein Co,Jean Pierre Jeunet,0,0,9000000
maanspbeinmaansp,Marks and Spencer Believe in Magic and Sparkle,2,47,2013,1,9,,0,Johan Renck,0,0,0
cinderella,Cinderella,2,49,2015,1,9,US,Walt Disney,Kenneth Branagh,0,0,542000000
sutastwo,Suffragette Taten statt Worte,2,49,2015,1,2,US,Focus Features,Sarah Gavron,0,0,32000000
alimwuhidesp,Alice im Wunderland Hinter den Spiegeln,2,50,2016,1,5,US,Walt Disney,James Bobin,0,0,300000000
loni,Love Nina,2,50,2016,2,2,US,BBC,S J Clarkson,0,0,0
poap,Poles Apart,2,51,2017,1,2,UK,NFTS,Paloma Baeza,0,0,0
elanco,Eleanor and Colette,2,51,2017,1,2,DE,Elsani Film,Bille August,0,0,0
ststanamhe,Stg Stubby An American Hero,2,52,2018,1,9,US,Fun Academy Motion Pictures,Richard Lanni,0,0,5000000
ocei,Oceans Eight,2,52,2018,1,6,US,Warner Bros,Gary Ross,0,0,298000000
blopfodeofthni,Black Ops four Dead of the Night,2,52,2018,6,9,US,Treyarch,Jason Blundell,0,0,0
dedukraedewi,Der dunkle Kristall Aera des Widerstands,2,53,2019,2,5,US,Jim Henson Company,0,0,0,0
emfohilojo,E M Forster His longest Journey,2,53,2019,1,7,US,0,Adrian Munsey,0,0,0
dfthgrsoca,DFS The Great Sofa Caper,2,53,2019,1,8,US,DreamWorks,Magdalena Osinska,0,0,0
drve,Dragonheart Vengeance,2,54,2020,1,5,US,Raffaela Productions,Ivan Silvestrini,0,0,0
ciqudafohe,Cinema Quarantina Das Fone Hell,2,54,2020,1,9,,0,Sam Neill,0,0,0
enho,Enola Holmes,2,54,2020,1,9,US,Warner Bros,Harry Bradbeer,0,0,0
thcr,The Crown,2,53,2019,2,2,US,Sony Pictures,Christian Schwochow,0,0,0
clown,Clown,2,54,2020,1,4,0,0,Luigi Berio,0,0,0
thcl,The Cleaner,2,55,2021,2,6,US,CBS,Les Mayfield,0,0,0
thho,The House,2,56,2022,1,6,UK,Nexus Studios,Paloma Baeza,0,0,0
tepe,Ten Percent,2,56,2022,2,6,US,Bron Studios,Sam Leifer,0,0,0
enho2,Enola Holmes 2,2,56,2022,1,9,US,Warner Bros,Harry Bradbeer,0,0,0
apwasesiitaldoth,Apple Watch Series six It already does that,2,54,2020,3,9,UK,Apple,0,0,0,0
bradbrneda,Bryan Adams Brand New Day,2,49,2015,5,9,UK,Polydor,Bryan Adams,0,0,0
wiba,Wild Babys,2,56,2022,2,7,US,Netflix,0,0,0,0
nolly,Nolly,2,56,2023,2,2,UK,Quay Street Productions,0,0,0,0
aren,Artisan Entertainment,2,0,0,9,0,0,0,0,0,0,0
thinkfilm,ThinkFilm,2,0,0,9,0,0,0,0,0,0,0
hbo,HBO Films,2,0,0,9,0,0,0,0,0,0,0
cbs,CBS,2,0,0,9,0,0,0,0,0,0,0
wabr,Warner Bros,2,0,0,9,0,0,0,0,0,0,0
fafi,Fabrication Films,2,0,0,9,0,0,0,0,0,0,0
frde,Frontier Developments,2,0,0,9,0,0,0,0,0,0,0
fiinpi,First Independent Pictures,2,0,0,9,0,0,0,0,0,0,0
unpi,Universal Pictures,2,0,0,9,0,0,0,0,0,0,0
wadi,Walt Disney,2,0,0,9,0,0,0,0,0,0,0
weco,Weinstein CO,2,0,0,9,0,0,0,0,0,0,0
cafi,Carnival Films,2,0,0,9,0,0,0,0,0,0,0
fofe,Focus Features,2,0,0,9,0,0,0,0,0,0,0
nfts,NFTS,2,0,0,9,0,0,0,0,0,0,0
elfi,Elsani Films,2,0,0,9,0,0,0,0,0,0,0
fuacmopi,Fun Academy Motion Pictures,2,0,0,9,0,0,0,0,0,0,0
jiheco,Jim Henson Company,2,0,0,9,0,0,0,0,0,0,0
rapr,Raffaela Productions,2,0,0,9,0,0,0,0,0,0,0
sopi,Sony Pictures,2,0,0,9,0,0,0,0,0,0,0
brst,Bron Studios,2,0,0,9,0,0,0,0,0,0,0
qustpr,Quay Street Productions,2,0,0,9,0,0,0,0,0,0,0
wtme,Wtwo Media,2,0,0,9,0,0,0,0,0,0,0
blen,Blink Entertainment,2,0,0,9,0,0,0,0,0,0,0
prada,Prada,2,0,0,9,0,0,0,0,0,0,0
nest,Nexus Studios,2,0,0,9,0,0,0,0,0,0,0
apple,Apple,2,0,0,9,0,0,0,0,0,0,0
polydor,Polydor,2,0,0,9,0,0,0,0,0,0,0
treyarch,Treyarch,2,0,0,9,0,0,0,0,0,0,0
dere,Decca Records,2,0,0,9,0,0,0,0,0,0,0
tibu,Tim Burton,1,0,0,8,0,0,0,0,0,0,0
daat,David Atkins,1,0,0,8,0,0,0,0,0,0,0
gade,Gaby Dellal,1,0,0,8,0,0,0,0,0,0,0
thosu,Thaddeus O Sullivan,1,0,0,8,0,0,0,0,0,0,0
mipe,Michael Petroni,1,0,0,8,0,0,0,0,0,0,0
mija,Mick Jackon,1,0,0,8,0,0,0,0,0,0,0
petr,Pete Travis,1,0,0,8,0,0,0,0,0,0,0
brsi,Brad Silberling,1,0,0,8,0,0,0,0,0,0,0
hacan,Hans Canosa,1,0,0,8,0,0,0,0,0,0,0
kegl,Kenneth Glenaan,1,0,0,8,0,0,0,0,0,0,0
pawe,Paul Weiland,1,0,0,8,0,0,0,0,0,0,0
toho,Tom Hooper,1,0,0,8,0,0,0,0,0,0,0
jaha,James Hawes,1,0,0,8,0,0,0,0,0,0,0
mala,Max Lang,1,0,0,8,0,0,0,0,0,0,0
sjcl,S J Clarkson,1,0,0,8,0,0,0,0,0,0,0
uwhe,Uwe Heidschoetter,1,0,0,8,0,0,0,0,0,0,0
phan,Philip Andelman,1,0,0,8,0,0,0,0,0,0,0
ropo,Roman Polanski,1,0,0,8,0,0,0,0,0,0,0
gove,Gore Verbinski,1,0,0,8,0,0,0,0,0,0,0
rila,Richard Laxton,1,0,0,8,0,0,0,0,0,0,0
jepije,Jean Pierre Jeunet,1,0,0,8,0,0,0,0,0,0,0
jore,Johann Renck,1,0,0,8,0,0,0,0,0,0,0
kebr,Kenneth Branagh,1,0,0,8,0,0,0,0,0,0,0
sagr,Sarah Gravon,1,0,0,8,0,0,0,0,0,0,0
jabo,James Bobin,1,0,0,8,0,0,0,0,0,0,0
paba,Paloma Baeza,1,0,0,8,0,0,0,0,0,0,0
biau,Bille August,1,0,0,8,0,0,0,0,0,0,0
rilan,Richard Lanni,1,0,0,8,0,0,0,0,0,0,0
garo,Gary Ross,1,0,0,8,0,0,0,0,0,0,0
jabl,Jason Blundell,1,0,0,8,0,0,0,0,0,0,0
admu,Adrian Munsey,1,0,0,8,0,0,0,0,0,0,0
maos,Magdalena Osinska,1,0,0,8,0,0,0,0,0,0,0
ivsi,Ivan Silvestrini,1,0,0,8,0,0,0,0,0,0,0
habr,Harry Bradbeer,1,0,0,8,0,0,0,0,0,0,0
chsc,Christian Schwochow,1,0,0,8,0,0,0,0,0,0,0
lube,Luigi Bewio,1,0,0,8,0,0,0,0,0,0,0
sale,Sam Leifer,1,0,0,8,0,0,0,0,0,0,0
brad,Bryan Adams,1,0,0,8,0,0,0,0,0,0,0
sane,Sam Neill,1,0,0,8,0,0,0,0,0,0,0
lema,Les Mayfield,1,0,0,8,0,0,0,0,0,0,0
jomc,Joseph McGinty Nichol,1,0,0,8,0,0,0,0,0,0,0
thplwhiwrdr,The Play What I Wrote,2,13,2002,4,6,UK,West End,0,0,0,0
famtwu,Foley and Mccoll This Way Up,2,16,2005,1,6,UK,BBC,Ed Bye,0,0,
extras,Extras,2,17,2006,2,6,UK,BBC,Ricky Geravis,0,0,0
debo,December Boys,2,18,2007,1,2,AUS,Film Finance Corporation Australia,Rod Hardy,0,0,1000000
equus,Equus,2,18,2007,4,2,UK,West End,0,0,0,0
myboja,My Boy Jack,2,18,2007,1,2,UK,Ecosse Films,Brian Kirk,0,0,0
disi22,Die Simpsons,2,21,2010,2,8,US,20th Century Studios,Bob Anderson,0,0,0
hotosuinbuwiretr,How to Suceed in Business Without Really Trying,2,22,2011,4,6,US,Broadway,0,0,0,0
thwoinbl,The Woman in Black,2,23,2012,1,4,UK,Hammer Films,James Watkins,0,0,129000000
roch,Robot Chicken,2,23,2012,2,8,US,Stoopid Buddy Stoodios,Seth Green,0,0,0
beginners,Beginners,2,23,2012,5,9,UK,Slow Club,Lucy Needs,0,0,0
ayodo,A Young Doctors Notebook,2,23,2012,2,2,UK,Big Talk Productions,0,0,0,0
kiyoda,Kill your Darlings,2,24,2013,1,2,US,Killer Films,John Krokidas,0,0,2
thfwo,The F-Word,2,24,2013,1,6,CAN,Caramel Film,Michael Dowse,0,0,9
horns,Horns,2,24,2013,1,3,US,Red Granite Pictures,Alexandre Aja,0,0,4
thcrofinUK,The Cripple of Inishmaan,2,24,2013,4,6,UK,West End,0,0,0,0
thcrofinUS,The Cripple of Inishmaan,2,25,2014,4,6,US,West End,0,0,0,0
disi25,Die Simpsons,2,25,2014,2,8,US,20th Century Studios,Matthew Schofield,0,0,0
trainwreck,Trainwreck,2,26,2015,1,6,US,Apatow Productions,Judd Apatow,0,0,141000000
bojaho2,BoJack Horseman,2,26,2015,2,8,US,Tornate Co,Ralph Bob Waksberg,0,0,0
thga,The Gamechanger,2,26,2015,1,7,UK,ReFuel Productions,Loui Psihoyos,0,0,0
vifr,Victor Frankenstein,2,26,2015,1,4,UK,20th Century Studios,Paul McGuigan,0,0,34000000
noyoseme2,Now You See Me 2,2,27,2016,1,1,US,Lions Gate Entertainment,John M Chu,0,0,335000000
imperium,Imperium,2,27,2016,1,7,US,Grindstone Entertainment Group LLC,Daniel Ragussis,0,0,283000000
swarma,Swiss Army Man,2,27,2016,1,6,US,Cold Iron Pictures,Dan Kwan,0,0,5000000
loinlo,Lost in London,2,28,2017,1,6,US,Tiberius Film,Woody Harrelson,0,0,82000000
jungle,Jungle,2,28,2017,1,1,AUS,Momentum Pictures,Greg McLean,0,0,2000000
roanguarde,Rosencrantz & Guildenstern are Dead,2,28,2017,4,6,UK,Old Vic Theatre,David Leveaux,0,0,0
beofbu,Beast of Burden,2,29,2018,1,1,US,Momentum Pictures,Jesper Granslandt,0,0,53000000
thliofafa,The Lifespan of a Fact,2,29,2018,4,6,US,0,0,0,0,0
playmobil,Playmobil,2,30,2019,1,8,FR,STX Films,Lino DiSalvo,0,0,16000000
bojaho6,BoJack Horseman,2,30,2019,2,8,US,Tornate Co,Ralph Bob Waksberg,0,0,0
miwo1,Miracle Workers,2,30,2019,2,6,US,Broadway,Simon Rich,0,0,0
guak,Guns Akimbo,2,30,2019,1,1,DE,Altitude Film Entertainment,Jason Howden,0,0,1000000
miwo2,Miracle Workers,2,31,2020,2,6,US,Broadway,Simon Rich,0,0,0
esfrpr,Escape from Pretonia,2,31,2020,1,7,UK,Footprints Film,Francis Annan,0,0,2000000
unkisc,Unbreakable Kimmy Schmidt,2,31,2020,2,6,US,3 Arts Entertainment,Robert Carlock,0,0,0
endgame,Endgame,2,31,2020,4,2,UK,Old Vic Theatre,0,0,0,0
miwo3,Miracle Workers,2,32,2021,2,6,US,Broadway,Simon Rich,0,0,0
thloci,The Lost City,2,33,2022,1,1,UK,Paramount Pictures,Aaron Nee,0,0,193000000
prco,Profession Comedien,2,33,2022,2,6,FR,0,0,0,0,0
weird,Weird,2,33,2022,1,7,US,Funny or Die,Eric Appel,0,0,0
rianmo,Rick and Morty,2,33,2022,2,8,US,Williams Street,Dan Harmon,0,0,0
danielra,Daniel Radcliffe,1,0,1989,7,0,0,0,0,110,Sue Latimer,0
sula,Sue Latimer,1,0,0,10,0,0,0,0,0,0,0
ween,West End,2,0,0,9,0,0,0,0,0,0,0
fificoau,Film Finance Corporation Australia,2,0,0,9,0,0,0,0,0,0,0
ecfi,Ecosse Films,2,0,0,9,0,0,0,0,0,0,0
broadway,Broadway,2,0,0,9,0,0,0,0,0,0,0
hafi,Hammer Filme,2,0,0,9,0,0,0,0,0,0,0
stbust,Stoopid Buddy Stoodios,2,0,0,9,0,0,0,0,0,0,0
slcl,Slow Club,2,0,0,9,0,0,0,0,0,0,0
kifi,Killer Films,2,0,0,9,0,0,0,0,0,0,0
cafil,Caramel Film,2,0,0,9,0,0,0,0,0,0,0
regrpi,Red Granite Pictures,2,0,0,9,0,0,0,0,0,0,0
appr,Apatow Productions,2,0,0,9,0,0,0,0,0,0,0
repr,ReFuel Productions,2,0,0,9,0,0,0,0,0,0,0
ligaen,Lions Gate Entertainment,2,0,0,9,0,0,0,0,0,0,0
grengrllc,Grindstone Entertainment Group LLC,2,0,0,9,0,0,0,0,0,0,0
coirpi,Cold Iron Pictures,2,0,0,9,0,0,0,0,0,0,0
tifi,Tiberius Film,2,0,0,9,0,0,0,0,0,0,0
mopi,Momentum Pictures,2,0,0,9,0,0,0,0,0,0,0
stxfi,STX Films,2,0,0,9,0,0,0,0,0,0,0
fuordi,Funny or Die,2,0,0,9,0,0,0,0,0,0,0
wist,Williams Street,2,0,0,9,0,0,0,0,0,0,0
toco,Tornate Co,2,0,0,9,0,0,0,0,0,0,0
bitapr,Big Talk Productions,2,0,0,9,0,0,0,0,0,0,0
edby,Ed Bye,1,0,0,8,0,0,0,0,0,0,0
roha,Rod Hardy,1,0,0,8,0,0,0,0,0,0,0
brki,Brian Kirk,1,0,0,8,0,0,0,0,0,0,0
boan,Bob Anderson,1,0,0,8,0,0,0,0,0,0,0
jawa,James Watkins,1,0,0,8,0,0,0,0,0,0,0
segr,Seth Green,1,0,0,8,0,0,0,0,0,0,0
lune,Lucy Needs,1,0,0,8,0,0,0,0,0,0,0
jokr,John Krokidas,1,0,0,8,0,0,0,0,0,0,0
mido,Michael Dowse,1,0,0,8,0,0,0,0,0,0,0
alaj,Alexandre Aja,1,0,0,8,0,0,0,0,0,0,0
masc,Matthew Schofield,1,0,0,8,0,0,0,0,0,0,0
juap,Judd Apatow,1,0,0,8,0,0,0,0,0,0,0
lops,Loui Psihoyos,1,0,0,8,0,0,0,0,0,0,0
pamcgu,Paul McGuigan,1,0,0,8,0,0,0,0,0,0,0
jomch,John M Chu,1,0,0,8,0,0,0,0,0,0,0
dara,Daniel Ragussis,1,0,0,8,0,0,0,0,0,0,0
dakw,Dan Kwan,1,0,0,8,0,0,0,0,0,0,0
woha,Woody Harrelson,1,0,0,8,0,0,0,0,0,0,0
grmcle,Greg McLean,1,0,0,8,0,0,0,0,0,0,0
dale,David Leveaux,1,0,0,8,0,0,0,0,0,0,0
jegr,Jesper Granslandt,1,0,0,8,0,0,0,0,0,0,0
lidisa,Lino DiSalvo,1,0,0,8,0,0,0,0,0,0,0
siri,Simon Rich,1,0,0,8,0,0,0,0,0,0,0
jaho,Jason Howden,1,0,0,8,0,0,0,0,0,0,0
fran,Francis Annan,1,0,0,8,0,0,0,0,0,0,0
roca,Robert Carlock,1,0,0,8,0,0,0,0,0,0,0
aane,Aaron Nee,1,0,0,8,0,0,0,0,0,0,0
erap,Eric Appel,1,0,0,8,0,0,0,0,0,0,0
danha,Dan Harmon,1,0,0,8,0,0,0,0,0,0,0
rabowa,Ralph Bob Waksberg,1,0,0,8,0,0,0,0,0,0,0
altfilment,Altitude Film Entertainment,1,0,0,9,0,0,0,0,0,0,0
footfilm,Footprints Film,1,0,0,9,0,0,0,0,0,0,0
3artent,3 Arts Entertainment,1,0,0,9,0,0,0,0,0,0,0
gaol,Gary Oldman,1,0,0,8,0,0,0,0,40,Jim Osborne,0
jios,Jim Osborne,1,0,0,10,0,0,0,0,0,0,0
noba,Nobodys Baby,2,43,2001,1,6,US,Nu Image,David Seltzer,0,0,0
hannibal,Hannibal,2,43,2001,1,4,US,Metro Goldwyn Mayer,Ridley Scott,0,0,352000000
friends,Friends,2,43,2001,2,6,US,Warner Bros,James Burrows,0,0,0
in60,Interstate 60,2,44,2002,1,6,UK,Seven Arts Entertainment,Bob Gale,0,0,8000
grthbu,Greg the Bunny,2,44,2002,2,6,US,20th Century Fox,Carlton Cuse,0,0,0
bethdef,Beat the Devil,2,44,2002,1,1,UK,Romulus Films,Tony Scott,0,0,0
tiptoes,Tiptoes,2,44,2002,1,9,FRA,Studio Canal,Matthew Bright,0,0,0
meofho,Medal of Honor,2,45,2003,6,9,US,Dream Works,0,0,0,0
trcrstofla,True Crime Streets of LA,2,45,2003,6,9,US,Activision,0,0,0,0
sidetohakege,Sin Der Tod hat kein Gewissen,2,45,2003,1,2,US,Singular Pictures,Michael Stevens,0,0,0
whky,Whos Kyle,2,46,2004,1,9,,0,Gerald Emerick,0,0,0
babe,Batman Begins,2,47,2005,1,1,US,Warner Bros,Christopher Nolan,0,0,374000000
defi,Dead Fish,2,47,2005,1,1,,0,Charley Standler,0,0,23000
badijabe,Backwoods Die Jagd beginnt,2,48,2006,1,3,ESP,Filmax International,Koldo Serra,0,0,0
thleofspanebe,The Legend of Spyro A New Beginning,2,48,2006,6,9,US,Vivendi Universal Games,0,0,0,0
thleofspthetni1,The Legend of Spyro The Eternal Night,2,49,2007,2,9,AUS,Krome Studios,0,0,0,0
theleofspthetni2,The Legend of Spyro The Eternal Night,2,49,2007,6,9,US,Vivendi Universal Games,0,0,0,0
thdani,The Dark Knight,2,50,2008,1,1,US,Warner Bros,Christopher Nolan,0,0,1000000000
thleofspdaofthdr,The Legend of Spyro Dawn of the Dragon,2,50,2008,6,9,US,Vivendi Universal Games,0,0,0,0
caofduwoatwa,Call of Duty Worlds at War,2,50,2008,6,9,US,Infinity Ward Treyarch Sledgehammer Games,,0,0,0
goto,Gothman Tonight,2,50,2008,2,1,0,0,Christopher Nolan,0,0,0
thun,The Unborn,2,51,2009,1,4,US,Platinum Dunes,David S Goyer,0,0,77000000
donogosethpesl,Do Not Go See The Perfect Sleep,2,51,2009,1,1,0,0,Jeremy Alter,0,0,0
rafa,Rain Fall,2,51,2009,1,1,US,3 Dogs and a Pony,Max Mannix,0,0,1000000
frwevosc,Frohe Weihnachten von Scrooge,2,51,2009,1,9,0,0,Robert Zemeckis,0,0,325000000
pl51,Planet 51,2,51,2009,1,6,ESP,Skydance Animation Madrid,Jorge Blanco,0,0,106000000
thboofel,The Book of Eli,2,52,2010,1,1,US,Alcon Entertainment,Albert Hughes,0,0,157000000
caofdublop,Call of Duty Black Ops,2,52,2010,6,9,US,Infinity Ward Treyarch Sledgehammer Games,,0,0,0
bethca,Behind the Carol,2,52,2010,1,9,0,0,Robert Zemeckis,0,0,0
reriho,Red Riding Hood,2,53,2011,1,4,US,Warner Bros,Catherine Hardwicke,0,0,90000000
kufupa,Kung Fu Panda 2,2,53,2011,1,8,US,Dream Works,Jennifer Yuh Nelson,0,0,666000000
titasosp,Tinker Tailor Soldier Spy,2,54,2012,1,9,FRA,Studio Canal,Tomas Alfredson,0,0,82000000
lawless,Lawless,2,54,2012,1,2,US,Annapurna Pictures,John Hillcoat,0,0,55000000
thdaniri,The Dark Knight Rises,2,54,2012,1,1,US,Warner Bros,Christopher Nolan,0,0,1000000000
guangi,Guns and Girls,2,54,2012,1,3,UK,Freefall Films,Michael Winnick,0,0,149.000
dabothneda,David Bowie The Next Day,2,55,2013,5,9,US,Columbia Records,Floria Sigismondi,0,0,0
paranoia,Paranoia,2,55,2013,1,3,US,Global Road Entertainment,Robert Luketic,0,0,17000000
lapemo,La Petite Mort,2,55,2013,1,9,0,0,Alex Prager,0,0,0
robocop,RoboCop,2,56,2014,1,1,US,Orion Pictures Corporation,Paul Verhoeven,0,0,243000000
pldeafre,Planet der Affen Revolution,2,56,2014,1,1,US,20th Century Fox,Matt Reeves,0,0,711000000
ki44,Kind 44,2,57,2015,1,3,US,Summit Entertainment,Daniel Espinosa,0,0,13000000
mado,Man Down,2,57,2015,1,9,US,Krannel Pictures,Dito Montiel,0,0,167000
ledi,Lego Dimensions,2,57,2015,6,9,UK,TT Games,0,0,0,0
dajepr,Das Jerico Projekt,2,58,2016,1,1,US,Nu Image,Ariel Vromen,0,0,39000000
destsona,Den Sternen so nah,2,59,2017,1,2,CHN,Huayi Brothers,Peter Chelsom,0,0,16000000
kibo,Killers Bodyguard,2,59,2017,1,6,US,Nu Image,Patrick Hughes,0,0,183000000
didust,Die dunkelste Stunde,2,59,2017,1,9,UK,Working Title Films,Joe Wright,0,0,151000000
thhibo,The Hitmans Bodyguard,2,59,2017,1,6,US,Nu Image,Patrick Hughes,0,0,0
huki,Hunter Killer,2,60,2018,1,1,US,Nu Image,Donovan Marsh,0,0,37000000
tau,Tau,2,60,2018,1,3,US,Kaos Theory Entertainment,Frederica D alessandro,0,0,0
kian,Killers Anonymous,2,61,2019,1,1,US,Posterity Pictures,Martin Owen,0,0,101000
thsh,The Ship,2,61,2019,1,4,US,Tucker Tooley Entertainment,Michael Goi,0,0,710000
dige,Die Geldwaescherei,2,61,2019,1,2,US,Netflix,Steven Soderbergh,0,0,0
thco,The Courier,2,61,2019,1,3,US,FilmNation Entertainment,Zackary Adler,0,0,5000000
thwointhwi,The Woman in the Window,2,62,2020,1,3,US,Netflix,Joe Wright,0,0,0
aplamthde,A Place Among the Dead,2,62,2020,1,4,US,Miss Juliet Productions,Juliet Landau,0,0,0
mank,Mank,2,62,2020,1,6,US,Netflix,David Fincher,0,0,0
chrisis,Chrisis,2,63,2021,1,3,UK,Bideford Productions,Nicholas Jarecki,0,0,2000000
kibo2,Killers Bodyguard 2,2,63,2021,1,6,US,Nu Image,Patrick Hughes,0,0,70000000
slho,Slow Horses,2,64,2022,1,3,UK,See-Saw Films,0,0,0,0
jawhun,Jack White Unstaged,2,54,2012,5,9,US,American Express,Gary Oldman,0,0,0
thpabo,The Patience Bossa,2,46,2004,5,9,0,0,Gary Oldman,0,0,0
nuim,Nu Image,2,0,0,9,0,0,0,0,0,0,0
mgm,Metro Goldwyn Mayer,2,0,0,9,0,0,0,0,0,0,0
searen,Seven Arts Entertainment,2,0,0,9,0,0,0,0,0,0,0
20cefo,20th Century Fox,2,0,0,9,0,0,0,0,0,0,0
rofi,Romulus Films,2,0,0,9,0,0,0,0,0,0,0
stca,StudioCanal,2,0,0,9,0,0,0,0,0,0,0
drwo,Dream Works,2,0,0,9,0,0,0,0,0,0,0
activision,Activision,2,0,0,9,0,0,0,0,0,0,0
sipi,Singular Pictures,2,0,0,9,0,0,0,0,0,0,0
fiin,Filmax International,2,0,0,9,0,0,0,0,0,0,0
viunga,Vivendi Universal Games,2,0,0,9,0,0,0,0,0,0,0
krst,Krome Studios,2,0,0,9,0,0,0,0,0,0,0
inwatrslga,Infinity Ward Treyarch Sledgehammer Games,2,0,0,9,0,0,0,0,0,0,0
pldu,Platinum Dunes,2,0,0,9,0,0,0,0,0,0,0
3doanapo,3 Dogs and a Pony,2,0,0,9,0,0,0,0,0,0,0
skanma,Skydance Animation Madrid,2,0,0,9,0,0,0,0,0,0,0
alen,Alcon Entertainment,2,0,0,9,0,0,0,0,0,0,0
anpi,Annapurna Pictures,2,0,0,9,0,0,0,0,0,0,0
frfi,Freefall Films,2,0,0,9,0,0,0,0,0,0,0
core,Columbia Records,2,0,0,9,0,0,0,0,0,0,0
glroen,Global Road Entertainment,2,0,0,9,0,0,0,0,0,0,0
orpico,Orion Pictures Corporation,2,0,0,9,0,0,0,0,0,0,0
suen,Summit Entertainment,2,0,0,9,0,0,0,0,0,0,0
krpi,Krannel Pictures,2,0,0,9,0,0,0,0,0,0,0
ttga,TT Games,2,0,0,9,0,0,0,0,0,0,0
hubr,Huayi Brothers,2,0,0,9,0,0,0,0,0,0,0
wotifi,Working Title Films,2,0,0,9,0,0,0,0,0,0,0
kathen,Kaos Theory Entertainment,2,0,0,9,0,0,0,0,0,0,0
popi,Posterity Pictures,2,0,0,9,0,0,0,0,0,0,0
tutoen,Tucker Tooley Entertainment,2,0,0,9,0,0,0,0,0,0,0
finaen,Film Nation Entertainment,2,0,0,9,0,0,0,0,0,0,0
mijupr,Miss Juliet Production,2,0,0,9,0,0,0,0,0,0,0
bipr,Bideford Productions,2,0,0,9,0,0,0,0,0,0,0
sesafi,See-Saw Films,2,0,0,9,0,0,0,0,0,0,0
amex,American Express,2,0,0,9,0,0,0,0,0,0,0
dase,David Seltzer,1,0,0,8,0,0,0,0,0,0,0
risc,Ridley Scott,1,0,0,8,0,0,0,0,0,0,0
jabu,James Burrows,1,0,0,8,0,0,0,0,0,0,0
boga,Bob Gale,1,0,0,8,0,0,0,0,0,0,0
cacu,Carlton Cuse,1,0,0,8,0,0,0,0,0,0,0
tosc,Tony Scott,1,0,0,8,0,0,0,0,0,0,0
mabr,Matthew Bright,1,0,0,8,0,0,0,0,0,0,0
mist,Michael Stevens,1,0,0,8,0,0,0,0,0,0,0
geem,Gerald Emerick,1,0,0,8,0,0,0,0,0,0,0
chno,Christopher Nolan,1,0,0,8,0,0,0,0,0,0,0
chst,Charley Standler,1,0,0,8,0,0,0,0,0,0,0
kose,Koldo Serra,1,0,0,8,0,0,0,0,0,0,0
dasgo,David S Goyer,1,0,0,8,0,0,0,0,0,0,0
jeal,Jeremy Alter,1,0,0,8,0,0,0,0,0,0,0
mama,Max Mannix,1,0,0,8,0,0,0,0,0,0,0
roze,Robert Zemeckis,1,0,0,8,0,0,0,0,0,0,0
jobl,Jorge Blanco,1,0,0,8,0,0,0,0,0,0,0
alhu,Albert Hughes,1,0,0,8,0,0,0,0,0,0,0
chha,Catherine Hardwicke,1,0,0,8,0,0,0,0,0,0,0
jeyune,Jennifer Yuh Nelson,1,0,0,8,0,0,0,0,0,0,0
toal,Tomas Alfredson,1,0,0,8,0,0,0,0,0,0,0
johi,John Hillcoat,1,0,0,8,0,0,0,0,0,0,0
miwi,Michael Winnick,1,0,0,8,0,0,0,0,0,0,0
flsi,Floria Sigismondi,1,0,0,8,0,0,0,0,0,0,0
rolu,Robert Luketic,1,0,0,8,0,0,0,0,0,0,0
alpr,Alex Prager,1,0,0,8,0,0,0,0,0,0,0
pave,Paul Verhoegen,1,0,0,8,0,0,0,0,0,0,0
mare,Matt Reeves,1,0,0,8,0,0,0,0,0,0,0
daes,Daniel Espinosa,1,0,0,8,0,0,0,0,0,0,0
dimo,Dito Montiel,1,0,0,8,0,0,0,0,0,0,0
arvr,Ariel Vromen,1,0,0,8,0,0,0,0,0,0,0
pech,Peter Chelsom,1,0,0,8,0,0,0,0,0,0,0
pahu,Patrick Hughes,1,0,0,8,0,0,0,0,0,0,0
doma,Donovan Marsh,1,0,0,8,0,0,0,0,0,0,0
frdal,Frederica D alessandro,1,0,0,8,0,0,0,0,0,0,0
maow,Martin Owen,1,0,0,8,0,0,0,0,0,0,0
migo,Michael Goi,1,0,0,8,0,0,0,0,0,0,0
stso,Steven Soderbergh,1,0,0,8,0,0,0,0,0,0,0
zaad,Zackary Adler,1,0,0,8,0,0,0,0,0,0,0
jowr,Joe Wright,1,0,0,8,0,0,0,0,0,0,0
jula,Juliet Landau,1,0,0,8,0,0,0,0,0,0,0
dafi,David Fincher,1,0,0,8,0,0,0,0,0,0,0
nija,Nicholas Jarecki,1,0,0,8,0,0,0,0,0,0,0
male,Matthew Lewis,1,0,0,7,0,0,0,0,0,0,0
niofthlode,Night of the Loving Dead,2,23,2012,1,6,UK,National Film and Television School NFTS,Anna Humphries,0,0,0
thsy,The Syndicate,2,23,2012,2,2,UK,Rollem Productions,0,0,0,0
thri,The Rise,2,23,2012,1,3,UK,Moli-Mischief,Rowan Atahle,0,0,0
oubo,Our Boys,2,23,2012,4,2,UK,0,David Grindley,0,0,0
thswsh,The Sweet Shop,2,24,2013,1,2,UK,MWS Films,Ben Myers,0,0,0
deinpa,Death in Paradise,2,26,2015,2,6,UK,Red Planet Pictures,Richard Signy,0,0,0
bl42,Bluestone 42,2,24,2013,2,6,UK,BBC British Broadcasting Corporation,,0,0,0
hava,Happy Valley,2,27,2016,2,3,UK,Red Production Company,Sally Wainwright,0,0,0
jurem,Juliet Remembered,2,27,2016,1,2,UK,JSB Films,Tamzin Merchant,0,0,0
eigahaja,Ein ganzes halbes Jahr,2,27,2016,1,2,US,Metro Goldwyn Mayer MGM,Thea Sharrock,0,0,208000000
rist,Ripper Street,2,27,2016,2,2,UK,Tiger Aspect Production,0,0,0,0
drhiuk,Drunk History UK,2,28,2017,2,6,UK,Comedy Central,Tom McKay,0,0,0
girlfriends,Girlfriends,2,29,2018,2,2,UK,Rollem Productions,Dominic Leclerc,0,0,0
terminal,Terminal,2,29,2018,1,6,US,Beagle Pug Films,Vaughn Stein,0,0,844000
nuni,Nutritiously Nicola,2,29,2018,2,6,UK,Double Yay Productions,Osagie Samuel,0,0,0
bado,Baby Done,2,31,2020,1,6,NZ,Piki Films,Curtis Vowell,0,0,566000
dedoundalivi,Der Doktor und das liebe Vieh,2,31,2020,2,6,UK,Playground Entertainment,Andy Hay,0,0,0
attitude,Attitude,2,25,2015,6,9,UK,Attitude,0,0,0,0
ropr,Rollem Productions,2,0,0,9,0,0,0,0,0,0,0
momi,Moli-Mischief,2,0,0,9,0,0,0,0,0,0,0
mws,MWS Films,2,0,0,9,0,0,0,0,0,0,0
replpi,Red Planet Pictures,2,0,0,9,0,0,0,0,0,0,0
reprco,Red Production Company,2,0,0,9,0,0,0,0,0,0,0
jsb,JSB Films,2,0,0,9,0,0,0,0,0,0,0
tiaspr,Tiger Aspect Production,2,0,0,9,0,0,0,0,0,0,0
coce,Comedy Central,2,0,0,9,0,0,0,0,0,0,0
bepufi,Beagle Pug Films,2,0,0,9,0,0,0,0,0,0,0
doyapr,Double Yay Productions,2,0,0,9,0,0,0,0,0,0,0
pifi,Piki Films,2,0,0,9,0,0,0,0,0,0,0
plen,Playground Entertainment,2,0,0,9,0,0,0,0,0,0,0
anhu,Anna Humphries,1,0,0,8,0,0,0,0,0,0,0
roata,Rowan Atahle,1,0,0,8,0,0,0,0,0,0,0
dagri,David Grindley,1,0,0,8,0,0,0,0,0,0,0
bemy,Ben Myers,1,0,0,8,0,0,0,0,0,0,0
risi,Richard Signy,1,0,0,8,0,0,0,0,0,0,0
sawa,Sally Wainwright,1,0,0,8,0,0,0,0,0,0,0
tame,Tamzin Merchant,1,0,0,8,0,0,0,0,0,0,0
thsha,Thea Sharrock,1,0,0,8,0,0,0,0,0,0,0
tomc,Tom McKay,1,0,0,8,0,0,0,0,0,0,0
dole,Dominic Leclerc,1,0,0,8,0,0,0,0,0,0,0
vast,Vaughn Stein,1,0,0,8,0,0,0,0,0,0,0
ossa,Osagie Samuel,1,0,0,8,0,0,0,0,0,0,0
cuvo,Curtis Vowell,1,0,0,8,0,0,0,0,0,0,0
anha,Andy Hay,1,0,0,8,0,0,0,0,0,0,0
tofe,Tom Felton,1,0,0,7,0,0,0,0,20,Gary Osullivan,0
gaos,Gary Osullivan,1,0,0,10,0,0,0,0,0,0,0
thdi,The Disappeared,2,21,2008,1,4,UK,Lost Tribe Productions,Johnny Kevorkian,0,0,1.000
maennertrip,Maennertrip,2,23,2010,1,6,US,Universal Pictures,Nicholas Stoller,0,0,92000000
niwo,Night Wolf,2,23,2010,1,4,UK,Eyeline Entertainment,Jonathan Glendening,0,0,0
whot,White Other,2,23,2010,1,3,UK,0,Dan Hartley,0,0,0
pldeaf2011,Planet der Affen Prevolution,2,24,2011,1,5,US,Twentieth Century Fox,Rupert Wyatt,0,0,482000000
apparition,Apparition,2,25,2012,1,4,US,Warner Bros,Todd Lincoln,0,0,11000000
davela,Das verlorene Labyrinth,2,25,2012,2,2,UK,Scott Free Productions,Cristopher Smith,0,0,0
frthro,From the Rough,2,26,2013,1,2,US,From the Rough Productions,Pierre Bagley,0,0,0
inse,In Secret,2,26,2013,1,2,US,LD Entertainment,Charlie Stratton,0,0,652000
dielbe,Dido Elizabeth Belle,2,26,2013,1,2,UK,DJ Films,Amma Asante,0,0,17000000
fuci1,Full Circle,2,26,2013,2,2,US,Momentum TV,Nick Hamm,0,0,0
fuci2,Full Circle,2,26,2013,2,2,US,Momentum TV,Mimi Leder,0,0,0
muinthfi,Murder in the First,2,27,2014,2,3,US,TNT Originals,Tommaso Pitta,0,0,0
hoidibeapipl,How I didnt become a Piano Player,2,27,2014,1,2,UK,National Film and Television School,Jesse Bochco,0,0,0
agthsu,Against the Sun,2,27,2014,1,2,US,The American Film Company,Brian Peter Falk,0,0,5000
auferstanden,Auferstanden,2,29,2016,1,1,US,LD Entertainment,Kevin Reynolds,0,0,47000000
vovodewo,Völlig von der Wolle,2,29,2016,1,8,RUS,Wizart Animations,Andrey Galat,0,0,0
mefrthki,Message from the King,2,29,2016,1,3,US,Backup Media,Fabrice du Welz,0,0,0
aunki,A United Kingdom,2,29,2016,1,2,UK,Pathe UK,Amma Asante,0,0,14000000
stratton,Stratton,2,30,2017,1,1,UK,Atomic Arts,Simon West,0,0,257000
sere,Sergeant Rex,2,30,2017,1,2,US,LD Entertainment,Gabriela Cowperthwaite,0,0,15000000
thfl,The Flash,2,29,2016,2,5,US,Berlani Productions,Andy Muschietti,0,0,0
feed,Feed,2,30,2017,1,2,US,Indy Entertainment,Tommy Bertelsen,0,0,0
ophelia,Ophelia,2,31,2018,1,2,UK,Covert Media,Claire McCarthy,0,0,339000
jaaremsp,James Arthur Empty Space,2,31,2018,5,9,UK,Cardel Entertainment,Andzej Gavriss,0,0,0
origin,Origin,2,31,2018,2,5,US,Left Bank Pictures,Paul w s Anderson,0,0,0
brfowh,Braking for Whales,2,32,2019,1,6,US,Charlie Baby Productions,Sean McEwen,0,0,0
abagutomohu,A Babysitters Guide to Monster Hunting,2,33,2020,1,5,US,Netflix,Rachel Talalay,0,0,0
discumdisc,Die Schlacht um die Schelde,2,33,2020,1,2,NLD,Levitate Film,Matthijs van Heijningen Jr,0,0,6000000
ataoftwmi,A Tale of Two Mindsets,2,34,2021,1,2,UK,Tomfoolery,0,0,0,0
sathci,Save the Cinema,2,35,2022,1,6,UK,Future Artists Entertainment,Sara Sugerman,0,0,78000
cademu,Canyon Del Muerto,2,35,2022,1,2,US,A Visionary Film,Coerte Voorhees,0,0,0
ruedaryoen,Russ Ed Sheeran Are You Entertained,2,35,2022,5,9,US,RadicalMedia,Jake Nava,0,0,0
burial,Burial,2,35,2022,1,4,UK,Stigma Films,Ben Parker,0,0,9000
lotrpr,Lost Tribe Productions,2,0,0,9,0,0,0,0,0,0,0
jokev,Johnny Kevorkian,1,0,0,8,0,0,0,0,0,0,0
nist,Nicholas Stoller,1,0,0,8,0,0,0,0,0,0,0
eyen,Eyeline Entertainment,2,0,0,9,0,0,0,0,0,0,0
jogl,Jonathan Glendening,1,0,0,8,0,0,0,0,0,0,0
dahar,Dan Hartley,1,0,0,8,0,0,0,0,0,0,0
ruwy,Rupert Wyatt,1,0,0,8,0,0,0,0,0,0,0
toli,Todd Lincoln,1,0,0,8,0,0,0,0,0,0,0
scfrpr,Scott Free Productions,2,0,0,9,0,0,0,0,0,0,0
crsm,Cristopher Smith,1,0,0,8,0,0,0,0,0,0,0
frthropr,From the Rough Productions,2,0,0,9,0,0,0,0,0,0,0
piba,Pierre Bagley,1,0,0,8,0,0,0,0,0,0,0
lden,LD Entertainment,2,0,0,9,0,0,0,0,0,0,0
chstr,Charlie Stratton,1,0,0,8,0,0,0,0,0,0,0
djfi,DJ Films,2,0,0,9,0,0,0,0,0,0,0
amas,Amma Asante,1,0,0,8,0,0,0,0,0,0,0
motv,Momentum TV,2,0,0,9,0,0,0,0,0,0,0
niha,Nick Hamm,1,0,0,8,0,0,0,0,0,0,0
mile,Mimi Leder,1,0,0,8,0,0,0,0,0,0,0
tnt,TNT Originals,2,0,0,9,0,0,0,0,0,0,0
topi,Tommaso Pitta,1,0,0,8,0,0,0,0,0,0,0
jebo,Jesse Bochco,1,0,0,8,0,0,0,0,0,0,0
thamfico,The American Film Company,2,0,0,9,0,0,0,0,0,0,0
brpefa,Brian Peter Falk,1,0,0,8,0,0,0,0,0,0,0
kere,Kevin Reynolds,1,0,0,8,0,0,0,0,0,0,0
wian,Wizart Animations,2,0,0,9,0,0,0,0,0,0,0
anga,Andrey Galat,1,0,0,8,0,0,0,0,0,0,0
bame,Backup Media,2,0,0,9,0,0,0,0,0,0,0
faduwe,Fabrice du Welz,1,0,0,8,0,0,0,0,0,0,0
pauk,Pathe UK,2,0,0,9,0,0,0,0,0,0,0
atar,Atomic Arts,2,0,0,9,0,0,0,0,0,0,0
siwe,Simon West,1,0,0,8,0,0,0,0,0,0,0
gaco,Gabriela Cowperthwaite,1,0,0,8,0,0,0,0,0,0,0
bepr,Berlani Productions,2,0,0,9,0,0,0,0,0,0,0
tobe,Tommy Bertelsen,1,0,0,8,0,0,0,0,0,0,0
come,Covert Media,2,0,0,9,0,0,0,0,0,0,0
clmc,Claire McCarthy,1,0,0,8,0,0,0,0,0,0,0
caen,Cardel Entertainment,2,0,0,9,0,0,0,0,0,0,0
anga1,Andzej Gavriss,1,0,0,8,0,0,0,0,0,0,0
lebapi,Left Bank Pictures,2,0,0,9,0,0,0,0,0,0,0
chbapr,Charlie Baby Productions,2,0,0,9,0,0,0,0,0,0,0
indyen, Indy Entertainment,2,0,0,9,0,0,0,0,0,0,0
semc,Sean McEwen,1,0,0,8,0,0,0,0,0,0,0
netflix,Netflix,2,0,0,9,0,0,0,0,0,0,0
rata,Rachel Talalay,1,0,0,8,0,0,0,0,0,0,0
lefi,Levitate Film,2,0,0,9,0,0,0,0,0,0,0
mavahejr,Matthijs van Heijningen Jr,1,0,0,8,0,0,0,0,0,0,0
tomfoolery,Tomfoolery,2,0,0,9,0,0,0,0,0,0,0
fuaren,Future Artists Entertainment,2,0,0,9,0,0,0,0,0,0,0
sasu,Sara Sugerman,1,0,0,8,0,0,0,0,0,0,0
avifi,A Visionary Film,2,0,0,9,0,0,0,0,0,0,0
covo,Coerte Voorhees,1,0,0,8,0,0,0,0,0,0,0
rame,Radical Media,2,0,0,9,0,0,0,0,0,0,0
jana,Jake Nava,1,0,0,8,0,0,0,0,0,0,0
stfi,Stigma Films,2,0,0,9,0,0,0,0,0,0,0
bepar,Ben Parker,1,0,0,8,0,0,0,0,0,0,0
pawsan,Paul W S Anderson,1,0,0,8,0,0,0,0,0,0,0
anmu,Andy Muschietti,1,0,0,8,0,0,0,0,0,0,0
roguerunner,Roguerunner,2,0,0,9,0,0,0,0,0,0,0
nafiantesc,National Film and Television School,2,0,0,9,0,0,0,0,0,0,0
olph,Oliver (Martyn John) Phelps,1,36,1986,7,0,0,0,0,1,Michael Ford,0
kingdom,Kingdom,2,23,2009,2,6,UK,Parallel Film and Television,Simon Wheeler,0,0,0
pafiantepr,Parallel Film and Television Productions,2,0,0,9,0,0,0,0,0,0,0
owwoen,Own worst enemy,2,11,2012,5,6,UK,Universal Media Studios,Philip Pug,0,0,0
phpu,Philip Pug,1,0,0,8,0,0,0,0,0,0,0
universal,Universal Media Studios,2,0,0,9,0,0,0,0,0,0,0
scfev,Scott F. Evans,1,0,0,8,0,0,0,0,0,0,0
ecinsipr,Echoes in Silence productions,2,0,0,9,0,0,0,0,0,0,0
lobo,Lost Boys,2,0,0,9,0,0,0,0,0,0,0
deek,Destiny Ekaragha,1,0,0,8,0,0,0,0,0,0,0
reproco,Red Production Company,2,0,0,9,0,0,0,0,0,0,0
kiofthne,King of the nerds,2,10,2013,2,9,UK,TBS,Anthony Carbone,0,0,0
ancar,Anthony Carbone,1,0,0,8,0,0,0,0,0,0,0
tbs,TBS,2,0,0,9,0,0,0,0,0,0,0
fofein,Focus Feature International,2,0,0,9,0,0,0,0,0,0,0
f4,Film4,2,0,0,9,0,0,0,0,0,0,0
amiey,A Minds Eye,2,23,2009,1,7,UK,Heraclitus Pictures,Joanna Callaghan,0,0,0
joca,Joanna Callaghan,1,0,0,8,0,0,0,0,0,0,0
ch83fi,Channel 83 Films,2,0,0,9,0,0,0,0,0,0,0
bowi,Bonnie Wright,1,32,1991,7,0,0,0,0,4,Ruth Young,0
ruyo,Ruth Young,1,0,0,10,0,0,0,0,0,0,0
stranded,stranded,2,11,2002,1,1,USA,Hallmark Entertainement ,Charles Beeson,0,0,20000
agch,Agatha Christie,2,13,2004,1,2,UK,Wall to Wall Television,Richard Curson Smith,0,0,33000
thre,The Replacements,2,16,2007,2,8,USA,Cookie Jar Enternainement,Heather Martinez,0,0,0
thse,The Sea,2,22,2013,1,2,IRL ,Independent Entertainement,Stephen Brown,0,0,34000
afthda,After The Dark,2,22,2013,1,5,USA,An Olive Branch Productions,John Huddels,0,0,170000
beisl,Before I Sleep,2,22,2013,1,2,USA,Elemental Cinema,Aaron Sharff,0,0,17700000
mydaissc,My Dad is Scrooge,2,23,2014,1,6,CAN,MarVista Entertainement,Justin G Dyck,0,0,0
honotoroatr,How not to rob a Train,2,23,2014,6,9,UK,0,Anna Maguire,0,0,0
sweat,Sweat,2,23,2014,6,9,UK,Belle Films,David Allain,0,0,0
whkinenu,Who Killed Nelson Nutmeg,2,24,2015,1,1,UK,Nelson Nutmeg Pictures,Tim Clague,0,0,0
achca,A Christmas Carol,2,27,2018,1,5,USA,Towerflix,David Izatt,0,0,325300000
haen,Hallmark Entertainement,2,0,0,9,0,0,0,0,0,0,0
watowate,Wall to Wall Television,2,0,0,9,0,0,0,0,0,0,0
cojaen,Cookie Jar Enternainement,2,0,0,9,0,0,0,0,0,0,0
inen,Independent Entertainement,2,0,0,9,0,0,0,0,0,0,0
anolbrpr,An Olive Branch Productions,2,0,0,9,0,0,0,0,0,0,0
elci,Elemental Cinema,2,0,0,9,0,0,0,0,0,0,0
maen,MarVista Entertainement,2,0,0,9,0,0,0,0,0,0,0
befi,Belle Films,2,0,0,9,0,0,0,0,0,0,0
nenupi,Nelson Nutmeg Pictures,2,0,0,9,0,0,0,0,0,0,0
towerflix,Towerflix,2,0,0,9,0,0,0,0,0,0,0
chabe,Charles Beeson,2,0,0,8,0,0,0,0,0,0,0
ricusm,Richard Curson Smith,2,0,0,8,0,0,0,0,0,0,0
hema,Heather Martinez,2,0,0,8,0,0,0,0,0,0,0
stbr,Stephen Brown,2,0,0,8,0,0,0,0,0,0,0
johu,John Huddels,2,0,0,8,0,0,0,0,0,0,0
aash,Aaron Sharff,2,0,0,8,0,0,0,0,0,0,0
jugdy,Justin G Dyck,2,0,0,8,0,0,0,0,0,0,0
anma,Anna Maguire,2,0,0,8,0,0,0,0,0,0,0
daal,David Allain,2,0,0,8,0,0,0,0,0,0,0
ticl,Tim Clague,2,0,0,8,0,0,0,0,0,0,0
daiz,David Izatt,2,0,0,8,0,0,0,0,0,0,0
faha,Fair Harbor,2,0,0,3,0,0,0,0,0,0,0
glpopr,Global Poverty Project,2,0,0,6,0,0,0,0,0,0,0
sewecosewego,Seperate we come seperate we go,2,21,2012,1,2,UK,Bon Bon Lumiere,Bonnie Wright,0,0,0
knth,Know Thyself,2,23,2014,1,2,UK,Bon Bon Lumiere,Bonnie Wright,0,0,0
sextant,Sextant,2,25,2016,1,2,UK,Bon Bon Lumiere,Bonnie Wright,0,0,0
mean,Medusas Ankles,2,27,2018,1,2,UK,Bon Bon Lumiere,Bonnie Wright,0,0,0
bobolu,Bon Bon Lumiere,2,0,0,9,0,,0,0,0,0,0
emwa,Emma (Charlotte Duerre) Watson,1,32,1990,7,0,,0,0,0,0,0
bash,Ballet Shoes,2,17,2007,1,2,UK,BBC,Sandra Goldbacher,0,0,0
sago,Sandra Goldbacher,1,0,0,8,0,,0,0,0,0,0
desperaux,Desperaux,2,18,2008,1,8,US,Universal Animation Studios,Sam Fell Robert Stevenhagen,0,0,87000000
safe,Sam Fell,1,0,0,8,0,0,0,0,0,0,0
rost,Robert Stevenhagen,1,0,0,8,0,0,0,0,0,0,0
sayodowait,Say You Dont Want It,2,20,2010,5,0,0,Mercury Records,0,0,0,0
onnion,One Night Only,2,20,2010,5,0,0,0,0,0,0,0
mere,Mercury Records,2,0,0,9,0,0,0,0,0,0,0
mywewima,My week with Marilyn,2,21,2011,1,1,UK,BBC,Simon Curtis,0,0,35000000
sicu,Simon Curtis,1,0,0,8,0,US,0,0,0,0,0
thpeofbeawa,The perks of being a Wallflower,2,22,2012,1,2,0,Summit Entertainment Mr Mudd,Stephen Chbosky,0,0,33000000
stch,Stephen Chbosky,1,0,0,8,0,0,0,0,0,0,0
mrmu,Mr Mudd,2,0,0,9,0,0,0,0,0,0,0
codi,Colonia Dignidad,2,25,2015,1,1,DE,Iris Productions,Florian Gallenberger,0,0,4000000
flga,Florian Gallenberger,1,0,0,8,0,0,0,0,0,0,0
irpr,Iris Productions,2,0,0,9,0,0,0,0,0,0,0
thbliri,The Bling Ring,2,23,2013,1,6,US,American Zoetrope Nala Films,Sofia Coppola,0,0,20000000
soco,Sofia Coppola,1,0,0,8,0,0,0,0,0,0,0
amto,American Zoetrope,2,0,0,9,0,0,0,0,0,0,0
nafi,Nala Films,2,0,0,9,0,0,0,0,0,0,0
thisthen,This is the end,2,23,2013,1,6,US,Point Grey Pictures Columbia Pictures,Seth Rogan & Evan Goldberg,0,0,126000000
sero,Seth Rogan,1,0,0,8,0,0,0,0,0,0,0
evgo,Evan Goldberg,1,0,0,8,0,0,0,0,0,0,0
pogrpi,Point Grey Pictures,2,0,0,9,0,0,0,0,0,0,0
copi,Columbia Pictures,2,0,0,9,0,0,0,0,0,0,0
noah,Noah,2,24,2014,1,1,US,Paramount Pictures,Darren Aronofsky,0,0,360000000
daar,Darren Aronofsky,1,0,0,8,0,0,0,0,0,0,0
papi,Paramount Pictures,2,0,0,9,0,0,0,0,0,0,0
thviofde,The Vicar of Debley,2,25,2015,2,6,UK,Tiger Aspect Productions,Dewi Humphrey,0,0,0
dehu,Dewi Humphrey,1,0,0,8,0,0,0,0,0,0,0
regression,Regression,2,25,2015,1,3,ES,Himenoptero,Alejandro Amenabar,0,0,18000000
alam,Alejandro Amenabar,1,0,0,8,0,0,0,0,0,0,0
himenoptero,Himenoptero,2,0,0,9,0,0,0,0,0,0,0
thci,The Circle,2,27,2017,1,3,US,Playtone Likely Story,James Ponsoldt,0,0,41000000
japo,James Ponsoldt,1,0,0,8,0,0,0,0,0,0,0
playtone,Playtone,2,0,0,9,0,0,0,0,0,0,0
list,Likely Story,2,0,0,9,0,0,0,0,0,0,0
beanthbe,Beatuy and the Beast,2,27,2017,1,2,US,Walt Disney Pictures Mandeville Films,Bill Condon,0,0,1000000000
bico,Bill Condon,1,0,0,8,0,0,0,0,0,0,0
wadipi,Walt Disney Pictures,2,0,0,9,0,0,0,0,0,0,0
liwo,Little Women,2,29,2019,1,2,US,Columbia Pictures Pascal Pictures,Greta Gerwig,0,0,219000000
grge,Greta Gerwig,1,0,0,8,0,0,0,0,0,0,0
paspi,Pascal Pictures,2,0,0,9,0,0,0,0,0,0,0
burberry,Burberry,2,19,2009,3,0,0,0,0,0,0,0
petre,People Tree,2,20,2010,3,0,0,0,0,0,0,0
chanel,Chanel,2,18,2008,3,0,0,0,0,0,0,0
lancome,Lancome,2,21,2011,3,0,0,0,0,0,0,0
unverwaltungsrat,UN Verwaltungsrat,2,30,2020,6,0,0,0,0,0,0,0
kering,Kering,2,30,2020,6,0,0,0,0,0,0,0
uno,United Nations Organization,2,0,0,6,0,0,0,0,0,0,0
fem,Frauenrechte,2,24,2014,6,0,0,0,0,0,0,0
oushsh,Our Shared Shelf,2,26,2016,6,0,0,0,0,0,0,0
amazon,Amazon,2,0,0,6,0,0,0,0,0,0,0
clim,UN Klimakonferenz,2,31,2021,6,0,0,0,0,0,0,0
