id,name,type,age,year,sector,genre,land,production,regisseur
bowi,Bonnie Wright,1,32,1991,7,,,,
stranded,stranded,2,11,2002,1,1,USA,Hallmark Entertainement ,Charles Beeson
agch,Agatha Christie,2,13,2004,1,2,UK,Wall to Wall Television,Richard Curson Smith
thre,The Replacements,2,16,2007,2,8,USA,Cookie Jar Enternainement,Heather Martinez
thse,The Sea,2,22,2013,1,2,IRL ,Independent Entertainement,Stephen Brown
afthda,After The Dark,2,22,2013,1,5,USA,An Olive Branch Productions,John Huddels
beisl,Before I Sleep,2,22,2013,1,2,USA,Elemental Cinema,Aaron Sharff
mydaissc,My Dad is Scrooge,2,23,2014,1,6,CAN,MarVista Entertainement,Justin G Dyck
honotoroatr,How not to rob a Train,2,23,2014,6,9,UK,,Anna Maguire
sweat,Sweat,2,23,2014,6,9,UK,Belle Films,David Allain
whkinenu,Who Killed Nelson Nutmeg,2,24,2015,1,1,UK,Nelson Nutmeg Pictures,Tim Clague
achca,A Christmas Carol,2,27,2018,1,5,USA,Towerflix,David Izatt
haen,Hallmark Entertainement,2,,,9,,,,
watowate,Wall to Wall Television,2,,,9,,,,
cojaen,Cookie Jar Enternainement,2,,,9,,,,
inen,Independent Entertainement,2,,,9,,,,
anolbrpr,An Olive Branch Productions,2,,,9,,,,
elci,Elemental Cinema,2,,,9,,,,
maen,MarVista Entertainement,2,,,9,,,,
befi,Belle Films,2,,,9,,,,
nenupi,Nelson Nutmeg Pictures,2,,,9,,,,
towerflix,Towerflix,2,,,9,,,,
chabe,Charles Beeson,2,,,8,,,,
ricusm,Richard Curson Smith,2,,,8,,,,
hema,Heather Martinez,2,,,8,,,,
stbr,Stephen Brown,2,,,8,,,,
johu,John Huddels,2,,,8,,,,
aash,Aaron Sharff,2,,,8,,,,
jugdy,Justin G Dyck,2,,,8,,,,
anma,Anna Maguire,2,,,8,,,,
daal,David Allain,2,,,8,,,,
ticl,Tim Clague,2,,,8,,,,
daiz,David Izatt,2,,,8,,,,
faha,Fair Harbor,2,,,3,,,,
glpopr,Global Poverty Project,2,,,6,,,,
sewecosewego,Seperate we come seperate we go,2,21,2012,1,2,UK,Bon Bon Lumiere,Bonnie Wright
knth,Know Thyself,2,23,2014,1,2,UK,Bon Bon Lumiere,Bonnie Wright
sextant,Sextant,2,25,2016,1,2,UK,Bon Bon Lumiere,Bonnie Wright
mean,Medusas Ankles,2,27,2018,1,2,UK,Bon Bon Lumiere,Bonnie Wright
bobolu,Bon Bon Lumiere,2,,,9,,,,