id,name,type,age,year,sector,genre,land,produktion,regie,networth,agent
francr,Friends & Crocodiles,2,16,2005,1,2,UK,BBC One,Stephen Poliakoff,99,99
merlin,Merlin,2,21,2010,2,2,UK,BBC One,Ashley Way,99,99
juwi,Just William,2,21,2010,2,9,UK,BBC One,Paul Seed,99,99
gala,Garrows Law,2,22,2011,2,2,UK,Twenty Twenty,Bryn Higgins,99,99
thmu,The Musketeers,2,27,2016,2,2,UK,BBC One,Susan Tully,99,99
thlociofz,The Lost City of Z,2,27,2016,1,2,US,Paramount Pictures,James Gray,99,99
edison,Edison,2,28,2017,1,2,US,The Weinstein Company,Alfonso Gomez-Rejon,99,99
thbaofbusc,The Ballad of Buster Scruggs,2,29,2018,1,2,US,Mike Zoss Productions,Ethan Coen,99,99
thbaofbuscc,The Ballad of Buster Scruggs,2,29,2018,1,2,US,Mike Zoss Productions,Joel Coen,99,99
trautmann,Trautmann,2,29,2018,1,2,UK,Lieblingsfilm,Marcus H. Rosenmüller,99,99
wafothba,Waiting for the Barbarians,2,30,2019,1,2,US,Constantin Film,Ciro Guerra,99,99
thwaofthwo,The War of the Worlds,2,30,2019,2,1,UK,Mammoth Screen,Craig Viveiros,99,99
hidama,His Dark Materials,2,30,2019,2,5,UK,BBC One,Otto Bathurst,99,99
tholgu,The Old Guard,2,31,2020,1,1,US,Skydance,Gina Prince-Bythewood,99,99
thdealthti,The Devil All the Time,2,31,2020,1,3,US,Bronx Moving Co.,Antonio Campos,99,99
sayopr,Say Your Prayers,2,31,2020,1,6,UK,Gravitas Ventures,Harry Michell,99,99
thquga,The Queen´s Gambit,2,31,2020,2,2,US,Netflix,Scott Frank ,99,99
thtrofma,The Tragedy of Macbeth,2,32,2021,1,2,US,A24,Joel Coen,99,99
plbapl,Please Baby Please,2,33,2022,1,9,US,Rivulet Media,Amanda Kramer,99,99
thpabley,The Pale Blue Eye,2,33,2022,1,3,US,Cross Creek Pictures,Scott Cooper,99,99
hame,Harry Melling,1,99,99,7,99,99,99,99,3,Sophie Holden
soho,Sophie Holden,1,99,99,10,99,99,99,99,99,99
stpo,Stephen Poliakoff,1,99,99,8,99,99,99,99,99,99
mabi,Matt Birch,1,99,99,8,99,99,99,99,99,99
aswa,Ashley Way,1,99,99,8,99,99,99,99,99,99
pase,Paul Seed,1,99,99,8,99,99,99,99,99,99
brhi,Bryn Higgins,1,99,99,8,99,99,99,99,99,99
sutu,Susan Tully,1,99,99,8,99,99,99,99,99,99
jagr,James Gray,1,99,99,8,99,99,99,99,99,99
algore,Alfonso Gomez-Rejon,1,99,99,8,99,99,99,99,99,99
etco,Ethan Coen,1,99,99,8,99,99,99,99,99,99
joco,Joel Coen,1,99,99,8,99,99,99,99,99,99
mahro,Marcus H. Rosenmüller,1,99,99,8,99,99,99,99,99,99
cigu,Ciro Guerra,1,99,99,8,99,99,99,99,99,99
crvi,Craig Viveiros,1,99,99,8,99,99,99,99,99,99
otba,Otto Bathurst,1,99,99,8,99,99,99,99,99,99
giprby,Gina Prince-Bythewood,1,99,99,8,99,99,99,99,99,99
anca,Antonio Campos,1,99,99,8,99,99,99,99,99,99
hami,Harry Michell,1,99,99,8,99,99,99,99,99,99
scfr,Scott Frank,1,99,99,8,99,99,99,99,99,99
amkr,Amanda Kramer,1,99,99,8,99,99,99,99,99,99
scco,Scott Cooper,1,99,99,8,99,99,99,99,99,99
elar,Electronic Arts,2,99,99,9,99,99,99,99,99,99
twtw,Twenty Twenty,2,99,99,9,99,99,99,99,99,99
thweco,The Weinstein Company,2,99,99,9,99,99,99,99,99,99
mizopr,Mike Zoss Productions,2,99,99,9,99,99,99,99,99,99
lieblingsfilm,Lieblingsfilm,2,99,99,9,99,99,99,99,99,99
cofi,Constantin Film,2,99,99,9,99,99,99,99,99,99
mammoth,Mammoth Screen,2,99,99,9,99,99,99,99,99,99
skydance,Skydance,2,99,99,9,99,99,99,99,99,99
brmoco,Bronx Moving Co.,2,99,99,9,99,99,99,99,99,99
grve,Gravitas Ventures,2,99,99,9,99,99,99,99,99,99
a24,A24,2,99,99,9,99,99,99,99,99,99
rime,Rivulet Media,2,99,99,9,99,99,99,99,99,99
crcrpi,Cross Creek Pictures,2,99,99,9,99,99,99,99,99,99
japh,James Phelps,1,1,1986,7,,UK,99,99,1,Michael Ford
mifo,Michael Ford,1,99,99,10,99,99,99,99,99,99
wath,Ward three,2,26,2012,1,4,UK,Met Film School,Saad Abbas,99,99
thtu,The Turn,2,26,2012,1,2,UK,Superfilm Productions,Christian Krohn,99,99
siwi,Silent Witness,2,29,2015,2,2,UK,British Broadcasting Corporation,Timothy Prager,99,99
daanthhuzo,Danny and the Human Zoo,2,29,2015,1,2,UK,British Broadcasting Corporation,Destiny Ekaragha,99,99
patchwork,Patchwork,2,29,2015,1,6,US,Infinite Lives Entertainment,Tyler Maclntyre,99,99
seda,Seven Days,2,33,2019,1,7,UK,Pixel Revolution Films,Dominic Higgins,99,99
cadia,Cadia,2,33,2019,1,5,US,Just a Skosh Productions,Cedric Gegel,99,99
laniinso,Last Night in Soho,2,35,2021,1,2,UK,Focus Features International,Edgar Wright,99,99
nonono,Normal not Normal,2,36,2022,6,7,UK,Stabl,Alice Homewood,99,99
siwh,Simon Wheeler,1,99,99,8,99,99,99,99,99,99
saab,Saad Abbas,1,99,99,8,99,99,99,99,99,99
chkr,Christian Krohn,1,99,99,8,99,99,99,99,99,99
tipr,Timothy Prager,1,99,99,8,99,99,99,99,99,99
tyma,Tyler Maclntyre,1,99,99,8,99,99,99,99,99,99
dohi,Dominic Higgins,1,99,99,8,99,99,99,99,99,99
cege,Cedric Gegel,1,99,99,8,99,99,99,99,99,99
edwr,Edgar Wright,1,99,99,8,99,99,99,99,99,99
alho,Alice Homewood,1,99,99,8,99,99,99,99,99,99
hepi,Heraclitus Pictures,2,99,99,9,99,99,99,99,99,99
pafiante,Parallel Film and Television,2,99,99,9,99,99,99,99,99,99
mefisc,Met Film School,2,99,99,9,99,99,99,99,99,99
supr,Superfilm Productions,2,99,99,9,99,99,99,99,99,99
bbc,British Broadcasting Corporation,2,99,99,9,99,99,99,99,99,99
inlien,Infinite Lives Entertainment,2,99,99,9,99,99,99,99,99,99
pire,Pixel Revolution Films,2,99,99,9,99,99,99,99,99,99
juaskpr,Just a Skosh Productions,2,99,99,9,99,99,99,99,99,99
stabl,Stabl,2,99,99,9,99,99,99,99,99,99
rugr,Rupert Grint,1,1,1988,7,99,99,99,99,50,Sean Liebowitz
seli,Sean Liebowitz,1,99,99,10,99,99,99,99,99,99
thunderpants,Thunderpants,2,14,2002,1,6,UK,Mission Pictures,Peter Hewitt,99,99
drle,Driving Lessons,2,18,2006,1,6,UK,UK Film Council,Jermey Brock,99,99
cherrybomb,Cherrybomb,2,21,2009,1,3,UK,Generation Entertainment,Lisa Barros DSa,99,99
wita,Wild Target,2,22,2010,1,1,UK,Magic Light Productions,Jonathan Lynn,99,99
coflwime,Come Fly With me,2,23,2011,2,6,UK,Little Britian Productions,Paul King,99,99
intowh,Into the White,2,24,2012,1,1,NOR,Film Fund FUZZ,Petter Naess,99,99
amda,American Dad,2,24,2012,2,8,US,20th Century Fox,Seth MacFarlane,99,99
lalechc,Lang lebe Charly C,2,25,2013,1,2,US,Voltage Pictures,Frederik Bond,99,99
cbgb,CBGB,2,25,2013,1,2,US,Unclaimed Freight Productions,Randall Miller,99,99
sucl,Super Clyde,2,25,2013,1,8,US,CBS Entertainment,Michael Fresco,99,99
popa,Postman Pat,2,25,2013,1,8,UK,Rubicon Group Holding,Mike Disa,99,99
moonwalkers,Moonwalkers,2,27,2015,1,6,FR,Will Vinton,Antoine Bardou Jacquet,99,99
snatch,Snatch,2,29,2017,2,1,UK,Exile Entertainment Double Dare You,Guy Ritchie,99,99
sino,Sick Note,2,30,2018,2,6,UK,BBC,Matt Lipsey,99,99
dimodeheab,Die Morde des Herrn ABC,2,30,2018,2,3,UK,Columbia Pictures,Frank Tashlin,99,99
servant,Servant,2,35,2023,2,4,US,King Bert Productions,M Night Shymalan,99,99
gudetocaofcu,Gullimero del Toros Cabinet of Curiosities,2,34,2022,2,4,US,Metro Goldwyn Mayer,Jennifer Kent,99,99
knthca,Knock the Cabin,2,35,2023,1,4,US,Blinding Edge Pictures,M Night Shymalan,99,99
leho,Lego House,2,23,2011,5,2,US,Warner Music Group,Shane Ramirez,99,99
habipepa,Happy Bithday Peter Pan,2,17,2005,2,7,UK,Diverse Productions,Roy Ackerman,99,99
fussball,Fussball,2,25,2013,1,8,ARG,100 Bares,Juan Jose Campanella,99,99
enofma,Enemy of man,2,26,2014,1,2,UK,Universal Studios,Vincent Regan,99,99
trulsh,Tracey Ullmans Show,2,28,2016,2,6,UK,Hell Kite Films,Jamie Dooner,99,99
urmy,Urban Myths,2,29,2017,2,6,UK,Sky Arts,Ben Palmer,99,99
mipi,Mission Pictures,2,99,99,9,99,99,99,99,99,99
ukfico,UK Film Council,2,99,99,9,99,99,99,99,99,99
geen,Generation Entertainment,2,99,99,9,99,99,99,99,99,99
malipr,Magic Light Productions,2,99,99,9,99,99,99,99,99,99
fifufu,Film Fund FUZZ,2,99,99,9,99,99,99,99,99,99
vopi,Voltage Pictures,2,99,99,9,99,99,99,99,99,99
unfrpr,Unclaimed Freight Productions,2,99,99,9,99,99,99,99,99,99
rugrho,Rubicon Group Holding,2,99,99,9,99,99,99,99,99,99
wivi,Will Vinton,2,99,99,9,99,99,99,99,99,99
exendodayo,Exile Entertainment Double Dare You,2,99,99,9,99,99,99,99,99,99
kibepr,King Bert Productions,2,99,99,9,99,99,99,99,99,99
bledpi,Blinding Edge Pictures,2,99,99,9,99,99,99,99,99,99
dipr,Diverse Productions,2,99,99,9,99,99,99,99,99,99
100ba,100 Bares,2,99,99,9,99,99,99,99,99,99
unst,Universal Studios,2,99,99,9,99,99,99,99,99,99
hekifi,Hell Kite Films,2,99,99,9,99,99,99,99,99,99
skar,Sky Arts,2,99,99,9,99,99,99,99,99,99
pehe,Peter Hewitt,1,99,99,8,99,99,99,99,99,99
jebr,Jeremy Brock,1,99,99,8,99,99,99,99,99,99
libads,Lisa Barros DSa,1,99,99,8,99,99,99,99,99,99
joly,Jonathan Lynn,1,99,99,8,99,99,99,99,99,99
paki,Paul King,1,99,99,8,99,99,99,99,99,99
pena,Petter Naess,1,99,99,8,99,99,99,99,99,99
sema,Seth MacFarlane,1,99,99,8,99,99,99,99,99,99
frbo,Frederik Bond,1,99,99,8,99,99,99,99,99,99
rami,Randall Miller,1,99,99,8,99,99,99,99,99,99
mifr,Michael Fresco,1,99,99,8,99,99,99,99,99,99
midi,Mike Disa,1,99,99,8,99,99,99,99,99,99
anba,Antoine Bardou Jacquet,1,99,99,8,99,99,99,99,99,99
guri,Guy Ritchie,1,99,99,8,99,99,99,99,99,99
mali,Matt Lipsey,1,99,99,8,99,99,99,99,99,99
frta,Frank Tashlin,1,99,99,8,99,99,99,99,99,99
mnish,M Night Shymalan,1,99,99,8,99,99,99,99,99,99
jeke,Jennifer Kent,1,99,99,8,99,99,99,99,99,99
shra,Shane Ramirez,1,99,99,8,99,99,99,99,99,99
roac,Roy Ackerman,1,99,99,8,99,99,99,99,99,99
jujoca,Juan Jose Campanella,1,99,99,8,99,99,99,99,99,99
vire,Vincent Regan,1,99,99,8,99,99,99,99,99,99
jado,Jamie Dooner,1,99,99,8,99,99,99,99,99,99
bepa,Ben Palmer,1,99,99,8,99,99,99,99,99,99
thplwhiwr,The Play What I Wrote,2,39,2001,4,6,UK,Wyndhams Theatre,Kenneth Branagh,99,99
spider,Spider,2,40,2002,1,3,US,Sony Pictures Classics,David Cronenberg,99,99
dedivomoca,Der Dieb von Monte Carlo,2,40,2002,1,2,US,Fox,Neil Jordan,99,99
rodr,Roter Drache,2,40,2002,1,4,US,Universal Pictures,Brett Ratner,99,99
malost,Manhatten Love Story,2,40,2002,1,6,US,Columbia Pictures,Kenneth Branagh,99,99
thtacu,The Talking Cure,2,41,2003,4,2,UK,Royal National Theatre,Howard Davies,99,99
brand,Brand,2,41,2003,4,2,UK,The Royal Shakespeare Company,Adrian Noble,99,99
liki,Libertys Kids,2,40,2002,2,8,US,PBS,Judith Reilly,99,99
likitwo,Libertys Kids,2,41,2003,2,8,US,PBS,Judith Reilly,99,99
frahiofus,Freedom A History of US,2,41,2003,2,7,US,PBS,Philip Kunhardt III,99,99
tedatodd,Ten Days to DDay,2,42,2004,1,2,US,AandEs History Channel,Marion Milne,99,99
thchglinkldo,The Chumscrubber Glueck in kleinen Dosen,2,43,2005,1,2,US,Picturehouse,Arie Posin,99,99
chromophobia,Chromophobia,2,43,2005,1,2,CAN,Momentum Pictures,Martha Fiennes,99,99
deewga,Der ewige Gaertner,2,43,2005,1,2,US,Focus Features,Fernando Meirelles,99,99
waungraudejanaderi,Wallace und Gromit Auf der Jagd nach dem Riesenkaninchen,2,43,2005,1,8,US,DreamWorks,Steve Box,99,99
waungraudejanaderitwo,Wallace Gromit Auf der Jagd nach dem Riesenkaninchen,2,43,2005,1,8,US,DreamWorks,Nick Park,99,99
thwhco,The White Countess,2,43,2005,1,2,US,Sony Pictures Classics,James Ivory,99,99
hapoanthgooffi,Harry Potter and the Goblet of Fire,2,43,2005,6,9,US,Electronic Arts,Nuno Miranda,99,99
juca,Julius Caesar,2,43,2005,4,2,UK,Barbican Centre,Deborah Warner,99,99
fahe,Faith Healer,2,44,2006,4,2,UK,GateTheatre,Jonathan Kent,99,99
laofthbl,Land of the Blind,2,44,2006,1,3,US,Samuel Goldwyn Films,Robert Edwards,99,99
beando,Bernard and Doris,2,44,2006,1,6,US,HBO,Bob Balaban,99,99
filo,First Love,2,45,2007,4,2,AUS,Sydney Festival,Michael Colgan,99,99
hapoanthorofthph,Harry Potter and the Order of the Phoenix,2,45,2007,6,9,US,Electronic Arts,Matt Birch,99,99
degodege,Der Gott des Gemetzels,2,46,2008,4,6,UK,Gielgud Theatre,Matthew Warchus,99,99
kooe,Koenig Oedipus,2,46,2008,4,2,UK,Royal National Theatre,Jonathan Kent,99,99
brseunst,Bruegge sehen und sterben,2,46,2008,1,6,US,Focus Features,Martin McDonagh,99,99
dihe,Die Herzogin,2,46,2008,1,3,US,Paramount Pictures,Saul Dibb,99,99
tokothhulo,Toedliches Kommando The Hurt Locker,2,46,2008,1,1,DE,Summit Media,Kathryn Bigelow,99,99
devo,Der Vorleser,2,46,2008,1,2,US,Weinstein Co,Stephen Daldry,99,99
thwidr,The Wildest Dream,2,48,2010,1,7,US,National Geographic,Anthony Geffen,99,99
eizanaknaufaineineab,Eine zauberhafte Nanny Knall auf Fall in ein neues Abenteuer,2,48,2010,1,6,US,Universal Studios,Susanna White,99,99
kadeti,Kampf der Titanen,2,48,2010,1,2,US,Warner Bros,Louis Leterrier,99,99
cejudaleunaner,Cemetery Junction Das Leben und andere Ereignisse,2,48,2010,1,2,US,Sony Pictures,Ricky Gervais,99,99
cejudaleunanertwo,Cemetery Junction Das Leben und andere Ereignisse two,2,48,2010,1,2,US,Sony Pictures,Stephen Merchant,99,99
dest,Der Sturm,2,49,2011,4,2,UK,Theatre Royal Haymarket,Trevor Nunn,99,99
coriolanus,Coriolanus,2,49,2011,1,1,US,Weinstein Co,Ralph Fiennes,99,99
diveveauhoeb,Die Verschwoerung Verrat auf hoechster Ebene,2,49,2011,1,3,AUT,Koch Media GmbH,David Hare,99,99
zodeti,Zorn der Titanen,2,50,2012,1,1,US,Warner Bros,Jonathan Liebesmann,99,99
grer,Große Erwartungen,2,50,2012,1,2,US,Fox,Mike Newell,99,99
jabosk,James Bond Skyfall,2,50,2012,1,1,US,Sony Pictures Entertainment,Sam Mendes,99,99
thinwo,The Invisible Woman,2,51,2013,1,2,UK,Sony Pictures Classics,Ralph Fiennes,99,99
grbuho,Grand Budapest Hotel,2,52,2014,1,6,US,Fox Searchlight,Wes Anderson,99,99
divetoge,Die Verschwörung Tödliche Geschäfte,2,52,2014,1,3,AUT,Koch Media GmbH,David Hare,99,99
divegnja,Die Verschwörung Gnadenlose Jagd,2,52,2014,1,3,AUT,Koch Media GmbH,David Hare,99,99
rev,Rev,2,52,2014,2,6,US,BBC America,Peter Cattaneo,99,99
mevde,Mesyats v derevne,2,52,2014,1,2,US,Warner Bros,Vera Glagoleva,99,99
maansu,Man and Superman,2,53,2015,4,2,UK,Royal National Theatre,Simon Godwin,99,99
abisp,A Bigger Splash,2,53,2015,1,3,FR,Fox Searchlight,Luca Guadagnino,99,99
jabosp,James Bond Spectre,2,53,2015,1,1,US,Sony Pictures Entertainment,Sam Mendes,99,99
baso,Baumeister Solness,2,54,2016,4,2,UK,Old Vic Theatre,Matthew Warchus,99,99
richardthree,Richard III,2,54,2016,4,2,UK,Almeida Theatre,Rupert Goold,99,99
haca,Hail Caesar,2,54,2016,1,6,US,Universal Pictures,Ethan Coen,99,99
hacatwo,Hail Caesar two,2,54,2016,1,6,US,Universal Pictures,Joel Coen,99,99
thwo,The Works,2,54,2016,1,2,UK,Kickstarter,Elliot Barnes Worrell,99,99
kudetasa,Kubo Der tapfere Samurai,2,54,2016,1,8,US,Focus Features,Travis Knight,99,99
thlebamo,The Lego Batman Movie,2,55,2017,1,8,US,Warner Bros,Chris McKay,99,99
seso,Sea Sorrow,2,55,2017,1,7,UK,Dissent Projects LTD,Vanessa Redgrave,99,99
anuncl,Antonius und Cleopatra,2,56,2018,4,2,UK,Royal National Theatre,Simon Godwin,99,99
nuthwhcr,Nurejew The White Crow,2,56,2018,1,2,US,Sony Pictures Classics,Ralph Fiennes,99,99
hoanwa,Holmes and Watson,2,56,2018,1,6,US,Columbia Pictures,Etan Cohen,99,99
ofse,Official Secrets,2,57,2019,1,3,CAN,IFC Films,Gavin Hood,99,99
thlemo2,The Lego Movie 2,2,57,2019,1,8,US,Warner Bros,Mike Mitchell,99,99
co53,Coup 53,2,57,2019,1,7,UK,Amirani Media,Taghi Amirani,99,99
bethde,Beat the Devil,2,58,2020,4,9,UK,Bridge Theatre,Nicholas Hytner,99,99
difarededrdo,Die fantastische Reise des Dr Dolittle,2,58,2020,1,6,US,Universal Pictures,Stephen Gaghan,99,99
diau,Die Ausgrabung,2,59,2021,1,2,US,Netflix,Simon Stone,99,99
thfo,The Forgiven,2,59,2021,1,2,US,Roadside Attractions,John Michael McDonagh,99,99
jabokezezust,James Bond Keine Zeit zu sterben,2,59,2021,1,1,US,Metro Goldwyn Mayer,Cary Joji Fukunaga,99,99
bethdefilm,Beat the Devil,2,59,2021,1,9,US,Annapurna Pictures,David Hare,99,99
thkima,The Kings Man,2,59,2021,1,6,US,20th Century Fox,Matthew Vaughn,99,99
thme,The Menu,2,60,2022,1,3,US,Searchlight Pictures,Mark Mylod,99,99
stlicr,Straight Line Crazy,2,60,2022,4,2,UK,Bridge Theatre,Nicholas Hytner,99,99
rafi,Ralph Fiennes,1,99,99,7,99,99,99,99,50,Joel Lubin
jolu,Joel Lubin,1,99,99,10,99,99,99,99,99,99
dacr,David Cronenberg,1,99,99,8,99,8,99,99,99,99
nejo,Neil Jordan,1,99,99,8,99,8,99,99,99,99
brra,Brett Ratner,1,99,99,8,99,8,99,99,99,99
hoda,Howard Davies,1,99,99,8,99,8,99,99,99,99
adno,Adrian Noble,1,99,99,8,99,8,99,99,99,99
jure,Judith Reilly,1,99,99,8,99,8,99,99,99,99
phku,Philip Kunhardt III,1,99,99,8,99,8,99,99,99,99
mami,Marion Milne,1,99,99,8,99,8,99,99,99,99
arpo,Arie Posin,1,99,99,8,99,8,99,99,99,99
mafi,Martha Fiennes,1,99,99,8,99,8,99,99,99,99
feme,Fernando Meirelles,1,99,99,8,99,8,99,99,99,99
stbo,Steve Box,1,99,99,8,99,8,99,99,99,99
nipa,Nick Park,1,99,99,8,99,8,99,99,99,99
jaiv,James Ivory,1,99,99,8,99,8,99,99,99,99
numi,Nuno Miranda,1,99,99,8,99,8,99,99,99,99
dewa,Deborah Warner,1,99,99,8,99,8,99,99,99,99
joke,Jonathan Kent,1,99,99,8,99,8,99,99,99,99
roed,Robert Edwards,1,99,99,8,99,8,99,99,99,99
boba,Bob Balaban,1,99,99,8,99,8,99,99,99,99
mico,Michael Colgan,1,99,99,8,99,8,99,99,99,99
mawa,Matthew Warchus,1,99,99,8,99,8,99,99,99,99
mava,Matthew Vaughn,1,99,99,8,99,8,99,99,99,99
mamc,Martin McDonagh,1,99,99,8,99,8,99,99,99,99
sadi,Saul Dibb,1,99,99,8,99,8,99,99,99,99
kabi,Kathryn Bigelow,1,99,99,8,99,8,99,99,99,99
stda,Stephen Daldry,1,99,99,8,99,8,99,99,99,99
ange,Anthony Geffen,1,99,99,8,99,8,99,99,99,99
suwh,Susanna White,1,99,99,8,99,8,99,99,99,99
lole,Louis Leterrier,1,99,99,8,99,8,99,99,99,99
rige,Ricky Gervais,1,99,99,8,99,8,99,99,99,99
stme,Stephen Merchant,1,99,99,8,99,8,99,99,99,99
trnu,Trevor Nunn,1,99,99,8,99,8,99,99,99,99
daha,David Hare,1,99,99,8,99,8,99,99,99,99
joli,Jonathan Liebesmann,1,99,99,8,99,8,99,99,99,99
mine,Mike Newell,1,99,99,8,99,8,99,99,99,99
same,Sam Mendes,1,99,99,8,99,8,99,99,99,99
wean,Wes Anderson,1,99,99,8,99,8,99,99,99,99
peca,Peter Cattaneo,1,99,99,8,99,8,99,99,99,99
vegl,Vera Glagoleva,1,99,99,8,99,8,99,99,99,99
sigo,Simon Godwin,1,99,99,8,99,8,99,99,99,99
lugu,Luca Guadagnino,1,99,99,8,99,8,99,99,99,99
rugo,Rupert Goold,1,99,99,8,99,8,99,99,99,99
elbawo,Elliot Barnes Worrell,1,99,99,8,99,8,99,99,99,99
trkn,Travis Knight,1,99,99,8,99,8,99,99,99,99
chmc,Chris Mckay,1,99,99,8,99,8,99,99,99,99
vare,Vanessa Redgrave,1,99,99,8,99,8,99,99,99,99
etanco,Etan Cohen,1,99,99,8,99,8,99,99,99,99
gaho,Gavin Hood,1,99,99,8,99,8,99,99,99,99
mimi,Mike Mitchell,1,99,99,8,99,8,99,99,99,99
taam,Taghi Amirani,1,99,99,8,99,8,99,99,99,99
nihy,Nicholas Hytner,1,99,99,8,99,8,99,99,99,99
stga,Stephen Gaghan,1,99,99,8,99,8,99,99,99,99
sist,Simon Stone,1,99,99,8,99,8,99,99,99,99
jomimc,John Michael McDonagh,1,99,99,8,99,8,99,99,99,99
cajofu,Cary Joji Fukunaga,1,99,99,8,99,8,99,99,99,99
mamy,Mark Mylod,1,99,99,8,99,8,99,99,99,99
wyth,Wyndhams Theatre,2,99,99,9,99,9,99,99,99,99
fox,Fox,2,99,99,9,99,9,99,99,99,99
ronath,Royal National Theatre,2,99,99,9,99,9,99,99,99,99
throshco,The Royal Shakespeare Company,2,99,99,9,99,9,99,99,99,99
pbs,PBS,2,99,99,9,99,9,99,99,99,99
aaneshich,AandEs History Channel,2,99,99,9,99,9,99,99,99,99
picturehouse,Picturehouse,2,99,99,9,99,9,99,99,99,99
dreamworks,Dreamworks SKG,2,99,99,9,99,9,99,99,99,99
bace,Barbican Centre,2,99,99,9,99,9,99,99,99,99
gath,GateTheatre,2,99,99,9,99,9,99,99,99,99
sagofi,Samuel Goldwyn Films,2,99,99,9,99,9,99,99,99,99
syfe,Sydney Festival,2,99,99,9,99,9,99,99,99,99
gith,Gielgud Theatre,2,99,99,9,99,9,99,99,99,99
paramount,Paramount,2,99,99,9,99,9,99,99,99,99
sume,Summit Media,2,99,99,9,99,9,99,99,99,99
nage,National Geographic,2,99,99,9,99,9,99,99,99,99
throha,Theatre Royal Haymarket,2,99,99,9,99,9,99,99,99,99
komegm,Koch Media GmbH,2,99,99,9,99,9,99,99,99,99
fose,Fox Searchlight,2,99,99,9,99,9,99,99,99,99
bbca,BBC America,2,99,99,9,99,9,99,99,99,99
olvith,Old Vic Theatre,2,99,99,9,99,9,99,99,99,99
alth,Almeida Theatre,2,99,99,9,99,9,99,99,99,99
kickstarter,Kickstarter,2,99,99,9,99,9,99,99,99,99
diprlt,Dissent Projects LTD,2,99,99,9,99,9,99,99,99,99
iffi,IFC Films,2,99,99,9,99,9,99,99,99,99
brth,Bridge Theatre,2,99,99,9,99,9,99,99,99,99
roat,Roadside Attractions,2,99,99,9,99,9,99,99,99,99
sepi,Searchlight Pictures,2,99,99,9,99,9,99,99,99,99
heboca,Helena Bonham Carter,1,99,99,7,99,99,99,99,60,Nicola Van Gelder
nivage,Nicola Van Gelder,1,99,99,10,99,99,99,99,99,99
pldeaf,Planet der Affen,2,35,2001,1,5,US,20th Century Fox,Tim Burton,99,99
novocaine,Novocaine,2,35,2001,1,6,US,Artisan Entertainment,David Atkins,99,99
football,Football,2,35,2001,1,9,,,Gaby Dellal,99,99
thheofme,The Heart of Me,2,36,2002,1,2,US,ThinkFilm,Thaddeus O Sullivan,99,99
tihuvowaus,Till Human Voices Wake us,2,36,2002,1,2,US,Paramount Pictures,Michael Petroni,99,99
lifrba,Live from Baghdad,2,36,2002,1,2,US,HBO Films,Mick Jackson,99,99
hevi,Henry VIII,2,37,2003,2,2,US,CBS,Pete Travis,99,99
bifi,Big Fish,2,37,2003,1,5,US,Columbia Pictures,Tim Burton,99,99
lesn,Lemony Snicket,2,38,2004,1,6,US,DreamWorks,Brad Silberling,99,99
chundisc,Charlie und die Schokoladenfabrik,2,39,2005,1,5,US,Warner Bros,Tim Burton,99,99
cowiotwo,Conversations with other Women,2,39,2005,1,9,US,Fabrication Films,Hans Canosa,99,99
waangrthcoofthwera1,Wallace and Gromit The Course of the Were Rabbit,2,39,2005,6,9,UK,Frontier Developments,,99,99
waangrthcoofthwera2,Wallace and Gromit Auf der Jagd nach dem Riesenkaninchen,2,39,2005,1,8,US,DreamWorks,Steve Box,99,99
cobrhomieile,Corpse Bride Hochzeit mit einer Leiche,2,39,2005,1,8,US,Warner Bros,Tim Burton,99,99
mase,Magnificent seven,2,39,2005,1,1,US,Metro Goldwyn Mayer,Kenneth Glenaan,99,99
sisi,Sixty Six,2,40,2006,1,6,US,First Independent Pictures,Paul Weiland,99,99
swtodetebaaudeflst,Sweeney Todd Der teuflische Barbier aus der Fleet Street,2,41,2007,1,4,US,Paramount Pictures,Tim Burton,99,99
tedier,Terminator Die Erloesung,2,43,2009,1,1,US,Warner Bros,Joseph McGinty Nichol,99,99
enid,Enid,2,43,2009,1,2,US,BBC,James Hawes,99,99
degr,Der Grueffelo,2,43,2009,1,8,US,BBC,Max Lang,99,99
alimwu,Alice im Wunderland,2,44,2010,1,5,US,Walt Disney,Tim Burton,99,99
thkisp,The Kings Speech,2,44,2010,1,2,US,Weinstein Co,Tom Hooper,99,99
toast,Toast,2,44,2010,1,6,UK,Wtwo Media,S J Clarkson,99,99
litosh,Lifes too short,2,45,2011,2,6,UK,Blink Entertainment,Ricky Gervais,99,99
dagr,Das Grueffelokind,2,45,2011,1,8,US,BBC,Uwe Heidschoetter,99,99
ruwaouofthga,Rufus Wainwright Out of the game,2,46,2012,5,9,US,Decca Records,Philip Andelman,99,99
dash,Dark Shadows,2,46,2012,1,4,UK,Warner Bros,Tim Burton,99,99
ath,A Therapy,2,46,2012,1,6,ITA,Prada,Roman Polanski,99,99
lemi,Les Miserables,2,46,2012,1,9,US,Universal Pictures,Tom Hooper,99,99
thlora,The Lone Ranger,2,47,2013,1,1,US,Walt Disney,Gore Verbinski,99,99
buunta,Burton und Taylor,2,47,2013,1,2,US,BBC,Richard Laxton,99,99
dikametr,Die Karte meiner Traeume,2,47,2013,1,1,US,Weinstein Co,Jean Pierre Jeunet,99,99
maanspbeinmaansp,Marks and Spencer Believe in Magic and Sparkle,2,47,2013,1,9,,,Johan Renck,99,99
cinderella,Cinderella,2,49,2015,1,9,US,Walt Disney,Kenneth Branagh,99,99
sutastwo,Suffragette Taten statt Worte,2,49,2015,1,2,US,Focus Features,Sarah Gavron,99,99
alimwuhidesp,Alice im Wunderland Hinter den Spiegeln,2,50,2016,1,5,US,Walt Disney,James Bobin,99,99
loni,Love Nina,2,50,2016,2,2,US,BBC,S J Clarkson,99,99
poap,Poles Apart,2,51,2017,1,2,UK,NFTS,Paloma Baeza,99,99
elanco,Eleanor and Colette,2,51,2017,1,2,DE,Elsani Film,Bille August,99,99
ststanamhe,Stg Stubby An American Hero,2,52,2018,1,9,US,Fun Academy Motion Pictures,Richard Lanni,99,99
ocei,Oceans Eight,2,52,2018,1,6,US,Warner Bros,Gary Ross,99,99
blopfodeofthni,Black Ops four Dead of the Night,2,52,2018,6,9,US,Treyarch,Jason Blundell,99,99
dedukraedewi,Der dunkle Kristall Aera des Widerstands,2,53,2019,2,5,US,Jim Henson Company,,99,99
emfohilojo,E M Forster His longest Journey,2,53,2019,1,7,US,99,Adrian Munsey,99,99
dfthgrsoca,DFS The Great Sofa Caper,2,53,2019,1,8,US,DreamWorks,Magdalena Osinska,99,99
drve,Dragonheart Vengeance,2,54,2020,1,5,US,Raffaela Productions,Ivan Silvestrini,99,99
ciqudafohe,Cinema Quarantina Das Fone Hell,2,54,2020,1,9,,99,Sam Neill,99,99
enho,Enola Holmes,2,54,2020,1,9,US,Warner Bros,Harry Bradbeer,99,99
thcr,The Crown,2,53,2019,2,2,US,Sony Pictures,Christian Schwochow,99,99
clown,Clown,2,54,2020,1,4,,99,Luigi Berio,99,99
thcl,The Cleaner,2,55,2021,2,6,US,CBS,Les Mayfield,99,99
thho,The House,2,56,2022,1,6,UK,Nexus Studios,Paloma Baeza,99,99
tepe,Ten Percent,2,56,2022,2,6,US,Bron Studios,Sam Leifer,99,99
enho2,Enola Holmes 2,2,56,2022,1,9,US,Warner Bros,Harry Bradbeer,99,99
apwasesiitaldoth,Apple Watch Series six It already does that,2,54,2020,3,9,UK,Apple,99,99,99
bradbrneda,Bryan Adams Brand New Day,2,49,2015,5,9,UK,Polydor,Bryan Adams,99,99
wiba,Wild Babys,2,56,2022,2,7,US,Netflix,99,99,99
nolly,Nolly,2,56,2023,2,2,UK,Quay Street Productions,,99,99
aren,Artisan Entertainment,2,99,99,9,99,99,99,99,99,99
thinkfilm,ThinkFilm,2,99,99,9,99,99,99,99,99,99
hbo,HBO Films,2,99,99,9,99,99,99,99,99,99
cbs,CBS,2,99,99,9,99,99,99,99,99,99
wabr,Warner Bros,2,99,99,9,99,99,99,99,99,99
fafi,Fabrication Films,2,99,99,9,99,99,99,99,99,99
frde,Frontier Developments,2,99,99,9,99,99,99,99,99,99
fiinpi,First Independent Pictures,2,99,99,9,99,99,99,99,99,99
unpi,Universal Pictures,2,99,99,9,99,99,99,99,99,99
wadi,Walt Disney,2,99,99,9,99,99,99,99,99,99
weco,Weinstein CO,2,99,99,9,99,99,99,99,99,99
cafi,Carnival Films,2,99,99,9,99,99,99,99,99,99
fofe,Focus Features,2,99,99,9,99,99,99,99,99,99
nfts,NFTS,2,99,99,9,99,99,99,99,99,99
elfi,Elsani Films,2,99,99,9,99,99,99,99,99,99
fuacmopi,Fun Academy Motion Pictures,2,99,99,9,99,99,99,99,99,99
jiheco,Jim Henson Company,2,99,99,9,99,99,99,99,99,99
rapr,Raffaela Productions,2,99,99,9,99,99,99,99,99,99
sopi,Sony Pictures,2,99,99,9,99,99,99,99,99,99
brst,Bron Studios,2,99,99,9,99,99,99,99,99,99
qustpr,Quay Street Productions,2,99,99,9,99,99,99,99,99,99
wtme,Wtwo Media,2,99,99,9,99,99,99,99,99,99
blen,Blink Entertainment,2,99,99,9,99,99,99,99,99,99
prada,Prada,2,99,99,9,99,99,99,99,99,99
nest,Nexus Studios,2,99,99,9,99,99,99,99,99,99
apple,Apple,2,99,99,9,99,99,99,99,99,99
polydor,Polydor,2,99,99,9,99,99,99,99,99,99
treyarch,Treyarch,2,99,99,9,99,99,99,99,99,99
dere,Decca Records,2,99,99,9,99,99,99,99,99,99
tibu,Tim Burton,1,99,99,8,99,99,99,99,99,99
daat,David Atkins,1,99,99,8,99,99,99,99,99,99
gade,Gaby Dellal,1,99,99,8,99,99,99,99,99,99
thosu,Thaddeus O Sullivan,1,99,99,8,99,99,99,99,99,99
mipe,Michael Petroni,1,99,99,8,99,99,99,99,99,99
mija,Mick Jackon,1,99,99,8,99,99,99,99,99,99
petr,Pete Travis,1,99,99,8,99,99,99,99,99,99
brsi,Brad Silberling,1,99,99,8,99,99,99,99,99,99
hacan,Hans Canosa,1,99,99,8,99,99,99,99,99,99
kegl,Kenneth Glenaan,1,99,99,8,99,99,99,99,99,99
pawe,Paul Weiland,1,99,99,8,99,99,99,99,99,99
toho,Tom Hooper,1,99,99,8,99,99,99,99,99,99
jaha,James Hawes,1,99,99,8,99,99,99,99,99,99
mala,Max Lang,1,99,99,8,99,99,99,99,99,99
sjcl,S J Clarkson,1,99,99,8,99,99,99,99,99,99
uwhe,Uwe Heidschoetter,1,99,99,8,99,99,99,99,99,99
phan,Philip Andelman,1,99,99,8,99,99,99,99,99,99
ropo,Roman Polanski,1,99,99,8,99,99,99,99,99,99
gove,Gore Verbinski,1,99,99,8,99,99,99,99,99,99
rila,Richard Laxton,1,99,99,8,99,99,99,99,99,99
jepije,Jean Pierre Jeunet,1,99,99,8,99,99,99,99,99,99
jore,Johann Renck,1,99,99,8,99,99,99,99,99,99
kebr,Kenneth Branagh,1,99,99,8,99,99,99,99,99,99
sagr,Sarah Gravon,1,99,99,8,99,99,99,99,99,99
jabo,James Bobin,1,99,99,8,99,99,99,99,99,99
paba,Paloma Baeza,1,99,99,8,99,99,99,99,99,99
biau,Bille August,1,99,99,8,99,99,99,99,99,99
rilan,Richard Lanni,1,99,99,8,99,99,99,99,99,99
garo,Gary Ross,1,99,99,8,99,99,99,99,99,99
jabl,Jason Blundell,1,99,99,8,99,99,99,99,99,99
admu,Adrian Munsey,1,99,99,8,99,99,99,99,99,99
maos,Magdalena Osinska,1,99,99,8,99,99,99,99,99,99
ivsi,Ivan Silvestrini,1,99,99,8,99,99,99,99,99,99
habr,Harry Bradbeer,1,99,99,8,99,99,99,99,99,99
chsc,Christian Schwochow,1,99,99,8,99,99,99,99,99,99
lube,Luigi Bewio,1,99,99,8,99,99,99,99,99,99
sale,Sam Leifer,1,99,99,8,99,99,99,99,99,99
brad,Bryan Adams,1,99,99,8,99,99,99,99,99,99
sane,Sam Neill,1,99,99,8,99,99,99,99,99,99
lema,Les Mayfield,1,99,99,8,99,99,99,99,99,99
jomc,Joseph McGinty Nichol,1,99,99,8,99,99,99,99,99,99
thplwhiwrdr,The Play What I Wrote,2,13,2002,4,6,UK,West End,99,99,99
famtwu,Foley and Mccoll This Way Up,2,16,2005,1,6,UK,BBC,Ed Bye,99,99
extras,Extras,2,17,2006,2,6,UK,BBC,Ricky Geravis,99,99
debo,December Boys,2,18,2007,1,2,AUS,Film Finance Corporation Australia,Rod Hardy,99,99
equus,Equus,2,18,2007,4,2,UK,West End,99,99,99
myboja,My Boy Jack,2,18,2007,1,2,UK,Ecosse Films,Brian Kirk,99,99
disi22,Die Simpsons,2,21,2010,2,8,US,20th Century Studios,Bob Anderson,99,99
hotosuinbuwiretr,How to Suceed in Business Without Really Trying,2,22,2011,4,6,US,Broadway,99,99,99
thwoinbl,The Woman in Black,2,23,2012,1,4,UK,Hammer Films,James Watkins,99,99
roch,Robot Chicken,2,23,2012,2,8,US,Stoopid Buddy Stoodios,Seth Green,99,99
beginners,Beginners,2,23,2012,5,9,UK,Slow Club,Lucy Needs,99,99
ayodo,A Young Doctors Notebook,2,23,2012,2,2,UK,Big Talk Productions,,99,99
kiyoda,Kill your Darlings,2,24,2013,1,2,US,Killer Films,John Krokidas,99,99
thfwo,The F-Word,2,24,2013,1,6,CAN,Caramel Film,Michael Dowse,99,99
horns,Horns,2,24,2013,1,3,US,Red Granite Pictures,Alexandre Aja,99,99
thcrofinUK,The Cripple of Inishmaan,2,24,2013,4,6,UK,West End,99,99,99
thcrofinUS,The Cripple of Inishmaan,2,25,2014,4,6,US,West End,99,99,99
disi25,Die Simpsons,2,25,2014,2,8,US,20th Century Studios,Matthew Schofield,99,99
trainwreck,Trainwreck,2,26,2015,1,6,US,Apatow Productions,Judd Apatow,99,99
bojaho2,BoJack Horseman,2,26,2015,2,8,US,Tornate Co,Ralph Bob Waksberg,99,99
thga,The Gamechanger,2,26,2015,1,7,UK,ReFuel Productions,Loui Psihoyos,99,99
vifr,Victor Frankenstein,2,26,2015,1,4,UK,20th Century Studios,Paul McGuigan,99,99
noyoseme2,Now You See Me 2,2,27,2016,1,1,US,Lions Gate Entertainment,John M Chu,99,99
imperium,Imperium,2,27,2016,1,7,US,Grindstone Entertainment Group LLC,Daniel Ragussis,99,99
swarma,Swiss Army Man,2,27,2016,1,6,US,Cold Iron Pictures,Dan Kwan,99,99
loinlo,Lost in London,2,28,2017,1,6,US,Tiberius Film,Woody Harrelson,99,99
jungle,Jungle,2,28,2017,1,1,AUS,Momentum Pictures,Greg McLean,99,99
roanguarde,Rosencrantz & Guildenstern are Dead,2,28,2017,4,6,UK,Old Vic Theatre,David Leveaux,99,99
beofbu,Beast of Burden,2,29,2018,1,1,US,Momentum Pictures,Jesper Granslandt,99,99
thliofafa,The Lifespan of a Fact,2,29,2018,4,6,US,99,99,99,99
playmobil,Playmobil,2,30,2019,1,8,FR,STX Films,Lino DiSalvo,99,99
bojaho6,BoJack Horseman,2,30,2019,2,8,US,Tornate Co,Ralph Bob Waksberg,99,99
miwo1,Miracle Workers,2,30,2019,2,6,US,Broadway,Simon Rich,99,99
guak,Guns Akimbo,2,30,2019,1,1,DE,Altitude Film Entertainment,Jason Howden,99,99
miwo2,Miracle Workers,2,31,2020,2,6,US,Broadway,Simon Rich,99,99
esfrpr,Escape from Pretonia,2,31,2020,1,7,UK,Footprints Film,Francis Annan,99,99
unkisc,Unbreakable Kimmy Schmidt,2,31,2020,2,6,US,3 Arts Entertainment,Robert Carlock,99,99
endgame,Endgame,2,31,2020,4,2,UK,Old Vic Theatre,99,99,99
miwo3,Miracle Workers,2,32,2021,2,6,US,Broadway,Simon Rich,99,99
thloci,The Lost City,2,33,2022,1,1,UK,Paramount Pictures,Aaron Nee,99,99
prco,Profession Comedien,2,33,2022,2,6,FR,99,99,99,99
weird,Weird,2,33,2022,1,7,US,Funny or Die,Eric Appel,99,99
rianmo,Rick and Morty,2,33,2022,2,8,US,Williams Street,Dan Harmon,99,99
danielra,Daniel Radcliffe,1,99,1989,7,99,99,99,99,110,Sue Latimer
sula,Sue Latimer,1,99,99,10,99,99,99,99,99,99
ween,West End,2,99,99,9,99,99,99,99,99,99
fificoau,Film Finance Corporation Australia,2,99,99,9,99,99,99,99,99,99
ecfi,Ecosse Films,2,99,99,9,99,99,99,99,99,99
broadway,Broadway,2,99,99,9,99,99,99,99,99,99
hafi,Hammer Filme,2,99,99,9,99,99,99,99,99,99
stbust,Stoopid Buddy Stoodios,2,99,99,9,99,99,99,99,99,99
slcl,Slow Club,2,99,99,9,99,99,99,99,99,99
kifi,Killer Films,2,99,99,9,99,99,99,99,99,99
cafil,Caramel Film,2,99,99,9,99,99,99,99,99,99
regrpi,Red Granite Pictures,2,99,99,9,99,99,99,99,99,99
appr,Apatow Productions,2,99,99,9,99,99,99,99,99,99
repr,ReFuel Productions,2,99,99,9,99,99,99,99,99,99
ligaen,Lions Gate Entertainment,2,99,99,9,99,99,99,99,99,99
grengrllc,Grindstone Entertainment Group LLC,2,99,99,9,99,99,99,99,99,99
coirpi,Cold Iron Pictures,2,99,99,9,99,99,99,99,99,99
tifi,Tiberius Film,2,99,99,9,99,99,99,99,99,99
mopi,Momentum Pictures,2,99,99,9,99,99,99,99,99,99
stxfi,STX Films,2,99,99,9,99,99,99,99,99,99
fuordi,Funny or Die,2,99,99,9,99,99,99,99,99,99
wist,Williams Street,2,99,99,9,99,99,99,99,99,99
toco,Tornate Co,2,99,99,9,99,99,99,99,99,99
bitapr,Big Talk Productions,2,99,99,9,99,99,99,99,99,99
edby,Ed Bye,1,99,99,8,99,99,99,99,99,99
roha,Rod Hardy,1,99,99,8,99,99,99,99,99,99
brki,Brian Kirk,1,99,99,8,99,99,99,99,99,99
boan,Bob Anderson,1,99,99,8,99,99,99,99,99,99
jawa,James Watkins,1,99,99,8,99,99,99,99,99,99
segr,Seth Green,1,99,99,8,99,99,99,99,99,99
lune,Lucy Needs,1,99,99,8,99,99,99,99,99,99
jokr,John Krokidas,1,99,99,8,99,99,99,99,99,99
mido,Michael Dowse,1,99,99,8,99,99,99,99,99,99
alaj,Alexandre Aja,1,99,99,8,99,99,99,99,99,99
masc,Matthew Schofield,1,99,99,8,99,99,99,99,99,99
juap,Judd Apatow,1,99,99,8,99,99,99,99,99,99
lops,Loui Psihoyos,1,99,99,8,99,99,99,99,99,99
pamcgu,Paul McGuigan,1,99,99,8,99,99,99,99,99,99
jomch,John M Chu,1,99,99,8,99,99,99,99,99,99
dara,Daniel Ragussis,1,99,99,8,99,99,99,99,99,99
dakw,Dan Kwan,1,99,99,8,99,99,99,99,99,99
woha,Woody Harrelson,1,99,99,8,99,99,99,99,99,99
grmcle,Greg McLean,1,99,99,8,99,99,99,99,99,99
dale,David Leveaux,1,99,99,8,99,99,99,,99,99
jegr,Jesper Granslandt,1,99,99,8,99,99,99,99,99,99
lidisa,Lino DiSalvo,1,99,99,8,99,99,99,99,99,99
siri,Simon Rich,1,99,99,8,99,99,99,99,99,99
jaho,Jason Howden,1,99,99,8,99,99,99,99,99,99
fran,Francis Annan,1,99,99,8,99,99,99,99,99,99
roca,Robert Carlock,1,99,99,8,99,99,99,99,99,99
aane,Aaron Nee,1,99,99,8,99,99,99,99,99,99
erap,Eric Appel,1,99,99,8,99,99,99,99,99,99
danha,Dan Harmon,1,99,99,8,99,99,99,99,99,99
rabowa,Ralph Bob Waksberg,1,99,99,8,99,99,99,99,99,99
altfilment,Altitude Film Entertainment,1,99,99,9,99,99,99,99,99,99
footfilm,Footprints Film,1,99,99,9,99,99,99,99,99,99
3artent,3 Arts Entertainment,1,99,99,9,99,99,99,99,99,99
gaol,Gary Oldman,1,99,99,8,99,99,99,99,40,Jim Osborne
jios,Jim Osborne,1,99,99,10,99,99,99,99,99,99
noba,Nobodys Baby,2,43,2001,1,6,US,Nu Image,David Seltzer,99,99
hannibal,Hannibal,2,43,2001,1,4,US,Metro Goldwyn Mayer,Ridley Scott,99,99
friends,Friends,2,43,2001,2,6,US,Warner Bros,James Burrows,99,99
in60,Interstate 60,2,44,2002,1,6,UK,Seven Arts Entertainment,Bob Gale,99,99
grthbu,Greg the Bunny,2,44,2002,2,6,US,20th Century Fox,Carlton Cuse,99,99
bethdef,Beat the Devil,2,44,2002,1,1,UK,Romulus Films,Tony Scott,99,99
tiptoes,Tiptoes,2,44,2002,1,9,FRA,Studio Canal,Matthew Bright,99,99
meofho,Medal of Honor,2,45,2003,6,9,US,Dream Works,99,99,99
trcrstofla,True Crime Streets of LA,2,45,2003,6,9,US,Activision,99,99,99
sidetohakege,Sin Der Tod hat kein Gewissen,2,45,2003,1,2,US,Singular Pictures,Michael Stevens,99,99
whky,Whos Kyle,2,46,2004,1,9,99,99,Gerald Emerick,99,99
babe,Batman Begins,2,47,2005,1,1,US,Warner Bros,Christopher Nolan,99,99
defi,Dead Fish,2,47,2005,1,1,99,99,Charley Standler,99,99
badijabe,Backwoods Die Jagd beginnt,2,48,2006,1,3,ESP,Filmax International,Koldo Serra,99,99
thleofspanebe,The Legend of Spyro A New Beginning,2,48,2006,6,9,US,Vivendi Universal Games,,99,99
thleofspthetni1,The Legend of Spyro The Eternal Night,2,49,2007,2,9,AUS,Krome Studios,99,99,99
theleofspthetni2,The Legend of Spyro The Eternal Night,2,49,2007,6,9,US,Vivendi Universal Games,,99,99
thdani,The Dark Night,2,50,2008,1,1,US,Warner Bros,Christopher Nolan,99,99
thleofspdaofthdr,The Legend of Spyro Dawn of the Dragon,2,50,2008,6,9,US,Vivendi Universal Games,,99,99
caofduwoatwa,Call of Duty Worlds at War,2,50,2008,6,9,US,Infinity Ward Treyarch Sledgehammer Games,,99,99
goto,Gothman Tonight,2,50,2008,2,1,99,99,Christopher Nolan,99,99
thun,The Unborn,2,51,2009,1,4,US,Platinum Dunes,David S Goyer,99,99
donogosethpesl,Do Not Go See The Perfect Sleep,2,51,2009,1,1,99,99,Jeremy Alter,99,99
rafa,Rain Fall,2,51,2009,1,1,US,3 Dogs and a Pony,Max Mannix,99,99
frwevosc,Frohe Weihnachten von Scrooge,2,51,2009,1,9,99,99,Robert Zemeckis,99,99
pl51,Planet 51,2,51,2009,1,6,ESP,Skydance Animation Madrid,Jorge Blanco,99,99
thboofel,The Book of Eli,2,52,2010,1,1,US,Alcon Entertainment,Albert Hughes,99,99
caofdublop,Call of Duty Black Ops,2,52,2010,6,9,US,Infinity Ward Treyarch Sledgehammer Games,,99,99
bethca,Behind the Carol,2,52,2010,1,9,99,99,Robert Zemeckis,99,99
reriho,Red Riding Hood,2,53,2011,1,4,US,Warner Bros,Catherine Hardwicke,99,99
kufupa,Kung Fu Panda,2,53,2011,1,8,US,Dream Works,Jennifer Yuh Nelson,99,99
titasosp,Tinker Tailor Soldier Spy,2,54,2012,1,9,FRA,Studio Canal,Tomas Alfredson,99,99
lawless,Lawless,2,54,2012,1,2,US,Annapurna Pictures,John Hillcoat,99,99
thdaniri,The Dark Night Rises,2,54,2012,1,1,US,Warner Bros,Christopher Nolan,99,99
guangi,Guns and Girls,2,54,2012,1,3,UK,Freefall Films,Michael Winnick,99,99
dabothneda,David Bowie The Next Day,2,55,2013,5,9,US,Columbia Records,Floria Sigismondi,99,99
paranoia,Paranoia,2,55,2013,1,3,US,Global Road Entertainment,Robert Luketic,99,99
lapemo,La Petite Mort,2,55,2013,1,9,99,99,Alex Prager,99,99
robocop,RoboCop,2,56,2014,1,1,US,Orion Pictures Corporation,Paul Verhoeven,99,99
pldeafre,Planet der Affen Revolution,2,56,2014,1,1,US,20th Century Fox,Matt Reeves,99,99
ki44,Kind 44,2,57,2015,1,3,US,Summit Entertainment,Daniel Espinosa,99,99
mado,Man Down,2,57,2015,1,9,US,Krannel Pictures,Dito Montiel,99,99
ledi,Lego Dimensions,2,57,2015,6,9,UK,TT Games,,99,99
dajepr,Das Jerico Projekt,2,58,2016,1,1,US,Nu Image,Ariel Vromen,99,99
destsona,Den Sternen so nah,2,59,2017,1,2,CHN,Huayi Brothers,Peter Chelsom,99,99
kibo,Killers Bodyguard,2,59,2017,1,6,US,Nu Image,Patrick Hughes,99,99
didust,Die dunkelste Stunde,2,59,2017,1,9,UK,Working Title Films,Joe Wright,99,99
thhibo,The Hitmans Bodyguard,2,59,2017,1,6,US,Nu Image,Patrick Hughes,99,99
huki,Hunter Killer,2,60,2018,1,1,US,Nu Image,Donovan Marsh,99,99
tau,Tau,2,60,2018,1,3,US,Kaos Theory Entertainment,Frederica D alessandro,99,99
kian,Killers Anonymous,2,61,2019,1,1,US,Posterity Pictures,Martin Owen,99,99
thsh,The Ship,2,61,2019,1,4,US,Tucker Tooley Entertainment,Michael Goi,99,99
dige,Die Geldwaescherei,2,61,2019,1,2,US,Netflix,Steven Soderbergh,99,99
thco,The Courier,2,61,2019,1,3,US,FilmNation Entertainment,Zackary Adler,99,99
thwointhwi,The Woman in the Window,2,62,2020,1,3,US,Netflix,Joe Wright,99,99
aplamthde,A Place Among the Dead,2,62,2020,1,4,US,Miss Juliet Productions,Juliet Landau,99,99
mank,Mank,2,62,2020,1,6,US,Netflix,David Fincher,99,99
chrisis,Chrisis,2,63,2021,1,3,UK,Bideford Productions,Nicholas Jarecki,99,99
kibo2,Killers Bodyguard 2,2,63,2021,1,6,US,Nu Image,Patrick Hughes,99,99
slho,Slow Horses,2,64,2022,1,3,UK,See-Saw Films,99,99,99
jawhun,Jack White Unstaged,2,54,2012,5,9,US,American Express,Gary Oldman,99,99
thpabo,The Patience Bossa,2,46,2004,5,9,99,99,Gary Oldman,99,99
nuim,Nu Image,99,99,99,9,99,99,99,99,99,99
mgm,Metro Goldwyn Mayer,99,99,99,9,99,99,99,99,99,99
searen,Seven Arts Entertainment,99,99,99,9,99,99,99,99,99,99
20cefo,20th Century Fox,99,99,99,9,99,99,99,99,99,99
rofi,Romulus Films,99,99,99,9,99,99,99,99,99,99
stca,StudioCanal,99,99,99,9,99,99,99,99,99,99
drwo,Dream Works,99,99,99,9,99,99,99,99,99,99
activision,Activision,99,99,99,9,99,99,99,99,99,99
sipi,Singular Pictures,99,99,99,9,99,99,99,99,99,99
fiin,Filmax International,99,99,99,9,99,99,99,99,99,99
viunga,Vivendi Universal Games,99,99,99,9,99,99,99,99,99,99
krst,Krome Studios,99,99,99,9,99,99,99,99,99,99
inwatrslga,Infinity Ward Treyarch Sledgehammer Games,99,99,99,9,99,99,99,99,99,99
pldu,Platinum Dunes,99,99,99,9,99,99,99,99,99,99
3doanapo,3 Dogs and a Pony,99,99,99,9,99,99,99,99,99,99
skanma,Skydance Animation Madrid,99,99,99,9,99,99,99,99,99,99
alen,Alcon Entertainment,99,99,99,9,99,99,99,99,99,99
anpi,Annapurna Pictures,99,99,99,9,99,99,99,99,99,99
frfi,Freefall Films,99,99,99,9,99,99,99,99,99,99
core,Columbia Records,99,99,99,9,99,99,99,99,99,99
glroen,Global Road Entertainment,99,99,99,9,99,99,99,99,99,99
orpico,Orion Pictures Corporation,99,99,99,9,99,99,99,99,99,99
suen,Summit Entertainment,99,99,99,9,99,99,99,99,99,99
krpi,Krannel Pictures,99,99,99,9,99,99,99,99,99,99
ttga,TT Games,99,99,99,9,99,99,99,99,99,99
hubr,Huayi Brothers,99,99,99,9,99,99,99,99,99,99
wotifi,Working Title Films,99,99,99,9,99,99,99,99,99,99
kathen,Kaos Theory Entertainment,99,99,99,9,99,99,99,99,99,99
popi,Posterity Pictures,99,99,99,9,99,99,99,99,99,99
tutoen,Tucker Tooley Entertainment,99,99,99,9,99,99,99,99,99,99
finaen,Film Nation Entertainment,99,99,99,9,99,99,99,99,99,99
mijupr,Miss Juliet Production,99,99,99,9,99,99,99,99,99,99
bipr,Bideford Productions,99,99,99,9,99,99,99,99,99,99
sesafi,See-Saw Films,99,99,99,9,99,99,99,99,99,99
amex,American Express,99,99,99,9,99,99,99,99,99,99
dase,David Seltzer,99,99,99,8,99,99,99,99,99,99
risc,Ridley Scott,99,99,99,8,99,99,99,99,99,99
jabu,James Burrows,99,99,99,8,99,99,99,99,99,99
boga,Bob Gale,99,99,99,8,99,99,99,99,99,99
cacu,Carlton Cuse,99,99,99,8,99,99,99,99,99,99
tosc,Tony Scott,99,99,99,8,99,99,99,99,99,99
mabr,Matthew Bright,99,99,99,8,99,99,99,99,99,99
mist,Michael Stevens,99,99,99,8,99,99,99,99,99,99
geem,Gerald Emerick,99,99,99,8,99,99,99,99,99,99
chno,Christopher Nolan,99,99,99,8,99,99,99,99,99,99
chst,Charley Standler,99,99,99,8,99,99,99,99,99,99
kose,Koldo Serra,99,99,99,8,99,99,99,99,99,99
dasgo,David S Goyer,99,99,99,8,99,99,99,99,99,99
jeal,Jeremy Alter,99,99,99,8,99,99,99,99,99,99
mama,Max Mannix,99,99,99,8,99,99,99,99,99,99
roze,Robert Zemeckis,99,99,99,8,99,99,99,99,99,99
jobl,Jorge Blanco,99,99,99,8,99,99,99,99,99,99
alhu,Albert Hughes,99,99,99,8,99,99,99,99,99,99
chha,Catherine Hardwicke,99,99,99,8,99,99,99,99,99,99
jeyune,Jennifer Yuh Nelson,99,99,99,8,99,99,99,99,99,99
toal,Tomas Alfredson,99,99,99,8,99,99,99,99,99,99
johi,John Hillcoat,99,99,99,8,99,99,99,99,99,99
miwi,Michael Winnick,99,99,99,8,99,99,99,99,99,99
flsi,Floria Sigismondi,99,99,99,8,99,99,99,99,99,99
rolu,Robert Luketic,99,99,99,8,99,99,99,99,99,99
alpr,Alex Prager,99,99,99,8,99,99,99,99,99,99
pave,Paul Verhoegen,99,99,99,8,99,99,99,99,99,99
mare,Matt Reeves,99,99,99,8,99,99,99,99,99,99
daes,Daniel Espinosa,99,99,99,8,99,99,99,99,99,99
dimo,Dito Montiel,99,99,99,8,99,99,99,99,99,99
arvr,Ariel Vromen,99,99,99,8,99,99,99,99,99,99
pech,Peter Chelsom,99,99,99,8,99,99,99,99,99,99
pahu,Patrick Hughes,99,99,99,8,99,99,99,99,99,99
doma,Donovan Marsh,99,99,99,8,99,99,99,99,99,99
frdal,Frederica D alessandro,99,99,99,8,99,99,99,99,99,99
maow,Martin Owen,99,99,99,8,99,99,99,99,99,99
migo,Michael Goi,99,99,99,8,99,99,99,99,99,99
stso,Steven Soderbergh,99,99,99,8,99,99,99,99,99,99
zaad,Zackary Adler,99,99,99,8,99,99,99,99,99,99
jowr,Joe Wright,99,99,99,8,99,99,99,99,99,99
jula,Juliet Landau,99,99,99,8,99,99,99,99,99,99
dafi,David Fincher,99,99,99,8,99,99,99,99,99,99
nija,Nicholas Jarecki,99,99,99,8,99,99,99,99,99,99
male,Matthew Lewis,1,99,99,7,99,99,99,99,99,99
niofthlode,Night of the Loving Dead,2,23,2012,1,6,UK,National Film and Television School NFTS,Anna Humphries,99,99
thsy,The Syndicate,2,23,2012,2,2,UK,Rollem Productions,99,99,99
thri,The Rise,2,23,2012,1,3,UK,Moli-Mischief,Rowan Atahle,99,99
oubo,Our Boys,2,23,2012,4,2,UK,99,David Grindley,99,99
thswsh,The Sweet Shop,2,24,2013,1,2,UK,MWS Films,Ben Myers,99,99
deinpa,Death in Paradise,2,26,2015,2,6,UK,Red Planet Pictures,Richard Signy,99,99
bl42,Bluestone 42,2,24,2013,2,6,UK,BBC British Broadcasting Corporation,,99,99
hava,Happy Valley,2,27,2016,2,3,UK,Red Production Company,Sally Wainwright,99,99
jurem,Juliet Remembered,2,27,2016,1,2,UK,JSB Films,Tamzin Merchant,99,99
eigahaja,Ein ganzes halbes Jahr,2,27,2016,1,2,US,Metro Goldwyn Mayer MGM,Thea Sharrock,99,99
rist,Ripper Street,2,27,2016,2,2,UK,Tiger Aspect Production,99,99,99
drhiuk,Drunk History UK,2,28,2017,2,6,UK,Comedy Central,Tom McKay,99,99
girlfriends,Girlfriends,2,29,2018,2,2,UK,Rollem Productions,Dominic Leclerc,99,99
terminal,Terminal,2,29,2018,1,6,US,Beagle Pug Films,Vaughn Stein,99,99
nuni,Nutritiously Nicola,2,29,2018,2,6,UK,Double Yay Productions,Osagie Samuel,99,99
bado,Baby Done,2,31,2020,1,6,NZ,Piki Films,Curtis Vowell,99,99
dedoundalivi,Der Doktor und das liebe Vieh,2,31,2020,2,6,UK,Playground Entertainment,Andy Hay,99,99
attitude,Attitude,2,25,2015,6,9,UK,Attitude,99,99,99
ropr,Rollem Productions,2,99,99,9,99,99,99,99,99,99
momi,Moli-Mischief,2,99,99,9,99,99,99,99,99,99
mws,MWS Films,2,99,99,9,99,99,99,99,99,99
replpi,Red Planet Pictures,2,99,99,9,99,99,99,99,99,99
reprco,Red Production Company,2,99,99,9,99,99,99,99,99,99
jsb,JSB Films,2,99,99,9,99,99,99,99,99,99
tiaspr,Tiger Aspect Production,2,99,99,9,99,99,99,99,99,99
coce,Comedy Central,2,99,99,9,99,99,99,99,99,99
bepufi,Beagle Pug Films,2,99,99,9,99,99,99,99,99,99
doyapr,Double Yay Productions,2,99,99,9,99,99,99,99,99,99
pifi,Piki Films,2,99,99,9,99,99,99,99,99,99
plen,Playground Entertainment,2,99,99,9,99,99,99,99,99,99
anhu,Anna Humphries,1,99,99,8,99,99,99,99,99,99
roata,Rowan Atahle,1,99,99,8,99,99,99,99,99,99
dagri,David Grindley,1,99,99,8,99,99,99,99,99,99
bemy,Ben Myers,1,99,99,8,99,99,99,99,99,99
risi,Richard Signy,1,99,99,8,99,99,99,99,99,99
sawa,Sally Wainwright,1,99,99,8,99,99,99,99,99,99
tame,Tamzin Merchant,1,99,99,8,99,99,99,99,99,99
thsha,Thea Sharrock,1,99,99,8,99,99,99,99,99,99
tomc,Tom McKay,1,99,99,8,99,99,99,99,99,99
dole,Dominic Leclerc,1,99,99,8,99,99,99,99,99,99
vast,Vaughn Stein,1,99,99,8,99,99,99,99,99,99
ossa,Osagie Samuel,1,99,99,8,99,99,99,99,99,99
cuvo,Curtis Vowell,1,99,99,8,99,99,99,99,99,99
anha,Andy Hay,1,99,99,8,99,99,99,99,99,99
tofe,Tom Felton,1,99,99,7,99,99,99,99,20,Gary Osullivan
gaos,Gary Osullivan,1,99,99,10,99,99,99,99,99,99
thdi,The Disappeared,2,21,2008,1,4,UK,Lost Tribe Productions,Johnny Kevorkian,99,99
maennertrip,Maennertrip,2,23,2010,1,6,US,Universal Pictures,Nicholas Stoller,99,99
niwo,Night Wolf,2,23,2010,1,4,UK,Eyeline Entertainment,Jonathan Glendening,99,99
whot,White Other,2,23,2010,1,3,UK,99,Dan Hartley,99,99
pldeaf2011,Planet der Affen Prevolution,2,24,2011,1,5,US,Twentieth Century Fox,Rupert Wyatt,99,99
apparition,Apparition,2,25,2012,1,4,US,Warner Bros,Todd Lincoln,99,99
davela,Das verlorene Labyrinth,2,25,2012,2,2,UK,Scott Free Productions,Cristopher Smith,99,99
frthro,From the Rough,2,26,2013,1,2,US,From the Rough Productions,Pierre Bagley,99,99
inse,In Secret,2,26,2013,1,2,US,LD Entertainment,Charlie Stratton,99,99
dielbe,Dido Elizabeth Belle,2,26,2013,1,2,UK,DJ Films,Amma Asante,99,99
fuci1,Full Circle,2,26,2013,2,2,US,Momentum TV,Nick Hamm,99,99
fuci2,Full Circle,2,26,2013,2,2,US,Momentum TV,Mimi Leder,99,99
muinthfi,Murder in the First,2,27,2014,2,3,US,TNT Originals,Tommaso Pitta,99,99
hoidibeapipl,How I didnt become a Piano Player,2,27,2014,1,2,UK,National Film and Television School,Jesse Bochco,99,99
agthsu,Against the Sun,2,27,2014,1,2,US,The American Film Company,Brian Peter Falk,99,99
auferstanden,Auferstanden,2,29,2016,1,1,US,LD Entertainment,Kevin Reynolds,99,99
vovodewo,Völlig von der Wolle,2,29,2016,1,8,RUS,Wizart Animations,Andrey Galat,99,99
mefrthki,Message from the King,2,29,2016,1,3,US,Backup Media,Fabrice du Welz,99,99
aunki,A United Kingdom,2,29,2016,1,2,UK,Pathe UK,Amma Asante,99,99
stratton,Stratton,2,30,2017,1,1,UK,Atomic Arts,Simon West,99,99
sere,Sergeant Rex,2,30,2017,1,2,US,LD Entertainment,Gabriela Cowperthwaite,99,99
thfl,The Flash,2,29,2016,2,5,US,Berlani Productions,Andy Muschietti,99,99
feed,Feed,2,30,2017,1,2,US,Indy Entertainment,Tommy Bertelsen,99,99
ophelia,Ophelia,2,31,2018,1,2,UK,Covert Media,Claire McCarthy,99,99
jaaremsp,James Arthur Empty Space,2,31,2018,5,9,UK,Cardel Entertainment,Andzej Gavriss,99,99
origin,Origin,2,31,2018,2,5,US,Left Bank Pictures,Paul w s Anderson,99,99
brfowh,Braking for Whales,2,32,2019,1,6,US,Charlie Baby Productions,Sean McEwen,99,99
abagutomohu,A Babysitters Guide to Monster Hunting,2,33,2020,1,5,US,Netflix,Rachel Talalay,99,99
discumdisc,Die Schlacht um die Schelde,2,33,2020,1,2,NLD,Levitate Film,Matthijs van Heijningen Jr,99,99
ataoftwmi,A Tale of Two Mindsets,2,34,2021,1,2,UK,Tomfoolery,99,99,99
sathci,Save the Cinema,2,35,2022,1,6,UK,Future Artists Entertainment,Sara Sugerman,99,99
cademu,Canyon Del Muerto,2,35,2022,1,2,US,A Visionary Film,Coerte Voorhees,99,99
ruedaryoen,Russ Ed Sheeran Are You Entertained,2,35,2022,5,9,US,RadicalMedia,Jake Nava,99,99
burial,Burial,2,35,2022,1,4,UK,Stigma Films,Ben Parker,99,99
lotrpr,Lost Tribe Productions,2,99,99,9,99,99,99,99,99,99
jokev,Johnny Kevorkian,1,99,99,8,99,99,99,99,99,99
nist,Nicholas Stoller,1,99,99,8,99,99,99,99,99,99
eyen,Eyeline Entertainment,2,99,99,9,99,99,99,99,99,99
jogl,Jonathan Glendening,1,99,99,8,99,99,99,99,99,99
dahar,Dan Hartley,1,99,99,8,99,99,99,99,99,99
ruwy,Rupert Wyatt,1,99,99,8,99,99,99,99,99,99
toli,Todd Lincoln,1,99,99,8,99,99,99,99,99,99
scfrpr,Scott Free Productions,2,99,99,9,99,99,99,99,99,99
crsm,Cristopher Smith,1,99,99,8,99,99,99,99,99,99
frthropr,From the Rough Productions,2,99,99,9,99,99,99,99,99,99
piba,Pierre Bagley,1,99,99,8,99,99,99,99,99,99
lden,LD Entertainment,2,99,99,9,99,99,99,99,99,99
chstr,Charlie Stratton,1,99,99,8,99,99,99,99,99,99
djfi,DJ Films,2,99,99,9,99,99,99,99,99,99
amas,Amma Asante,1,99,99,8,99,99,99,99,99,99
motv,Momentum TV,2,99,99,9,99,99,99,99,99,99
niha,Nick Hamm,1,99,99,8,99,99,99,99,99,99
mile,Mimi Leder,1,99,99,8,99,99,99,99,99,99
tnt,TNT Originals,2,99,99,9,99,99,99,99,99,99
topi,Tommaso Pitta,1,99,99,8,99,99,99,99,99,99
jebo,Jesse Bochco,1,99,99,8,99,99,99,99,99,99
thamfico,The American Film Company,2,99,99,9,99,99,99,99,99,99
brpefa,Brian Peter Falk,1,99,99,8,99,99,99,99,99,99
kere,Kevin Reynolds,1,99,99,8,99,99,99,99,99,99
wian,Wizart Animations,2,99,99,9,99,99,99,99,99,99
anga,Andrey Galat,1,99,99,8,99,99,99,99,99,99
bame,Backup Media,2,99,99,9,99,99,99,99,99,99
faduwe,Fabrice du Welz,1,99,99,8,99,99,99,99,99,99
pauk,Pathe UK,2,99,99,9,99,99,99,99,99,99
atar,Atomic Arts,2,99,99,9,99,99,99,99,99,99
siwe,Simon West,1,99,99,8,99,99,99,99,99,99
gaco,Gabriela Cowperthwaite,1,99,99,8,99,99,99,99,99,99
bepr,Berlani Productions,2,99,99,9,99,99,99,99,99,99
tobe,Tommy Bertelsen,1,99,99,8,99,99,99,99,99,99
come,Covert Media,2,99,99,9,99,99,99,99,99,99
clmc,Claire McCarthy,1,99,99,8,99,99,99,99,99,99
caen,Cardel Entertainment,2,99,99,9,99,99,99,99,99,99
anga1,Andzej Gavriss,1,99,99,8,99,99,99,99,99,99
lebapi,Left Bank Pictures,2,99,99,9,99,99,99,99,99,99
chbapr,Charlie Baby Productions,2,99,99,9,99,99,99,99,99,99
semc,Sean McEwen,1,99,99,8,99,99,99,99,99,99
netflix,Netflix,2,99,99,9,99,99,99,99,99,99
rata,Rachel Talalay,1,99,99,8,99,99,99,99,99,99
lefi,Levitate Film,2,99,99,9,99,99,99,99,99,99
mavahejr,Matthijs van Heijningen Jr,1,99,99,8,99,99,99,99,99,99
tomfoolery,Tomfoolery,2,99,99,9,99,99,99,99,99,99
fuaren,Future Artists Entertainment,2,99,99,9,99,99,99,99,99,99
sasu,Sara Sugerman,1,99,99,8,99,99,99,99,99,99
avifi,A Visionary Film,2,99,99,9,99,99,99,99,99,99
covo,Coerte Voorhees,1,99,99,8,99,99,99,99,99,99
rame,Radical Media,2,99,99,9,99,99,99,99,99,99
jana,Jake Nava,1,99,99,8,99,99,99,99,99,99
stfi,Stigma Films,2,99,99,9,99,99,99,99,99,99
bepar,Ben Parker,1,99,99,8,99,99,99,99,99,99
pawsan,Paul W S Anderson,1,99,99,8,99,99,99,99,99,99
anmu,Andy Muschietti,1,99,99,8,99,99,99,99,99,99
roguerunner,Roguerunner,2,99,99,9,99,99,99,99,99,99
nafiantesc,National Film and Television School,2,99,99,9,99,99,99,99,99,99
olph,Oliver (Martyn John) Phelps,1,36,1986,7,99,99,99,99,1,Michael Ford
kingdom,Kingdom,2,23,2009,2,6,UK,Parallel Film and Television,Simon Wheeler,99,99
pafiantepr,Parallel Film and Television Productions,2,99,99,99,99,99,99,99,99,99
owwoen,Own worst enemy,2,11,2012,1,6,UK,Universal Media Studios,Philip Pug,99,99
phpu,Philip Pug,1,99,99,99,99,99,99,99,99,99
universal,Universal Media Studios,2,99,99,99,99,99,99,99,99,99
scfev,Scott F. Evans,1,99,99,99,99,99,99,99,99,99
ecinsipr,Echoes in Silence productions,2,99,99,99,99,99,99,99,99,99
lobo,Lost Boys,2,99,99,99,99,99,99,99,99,99
deek,Destiny Ekaragha,1,99,99,99,99,99,99,99,99,99
reproco,Red Production Company,2,99,99,99,99,99,99,99,99,99
kiofthne,King of the nerds,2,10,2013,2,9,UK,"TBS, Warner Bros",Anthony Carbone,99,99
ancar,Anthony Carbone,1,99,99,99,99,99,99,99,99,99
tbs,TBS,2,99,99,99,99,99,99,99,99,99
fofein,Focus Feature International,2,99,99,99,99,99,99,99,99,99
f4,Film4,2,99,99,99,99,99,99,99,99,99
amiey,A Minds Eye,2,23,2009,1,7,UK,Heraclitus Pictures,Joanna Callaghan,99,99
joca,Joanna Callaghan,1,99,99,99,99,99,99,99,99,99
ch83fi,Channel 83 Films,2,99,99,99,99,99,99,99,99,99
bowi,Bonnie Wright,1,32,1991,7,99,99,99,99,4,Ruth Young
ruyo,Ruth Young,1,99,99,10,99,99,99,99,99,99
stranded,stranded,2,11,2002,1,1,USA,Hallmark Entertainement ,Charles Beeson,99,99
agch,Agatha Christie,2,13,2004,1,2,UK,Wall to Wall Television,Richard Curson Smith,99,99
thre,The Replacements,2,16,2007,2,8,USA,Cookie Jar Enternainement,Heather Martinez,99,99
thse,The Sea,2,22,2013,1,2,IRL ,Independent Entertainement,Stephen Brown,99,99
afthda,After The Dark,2,22,2013,1,5,USA,An Olive Branch Productions,John Huddels,99,99
beisl,Before I Sleep,2,22,2013,1,2,USA,Elemental Cinema,Aaron Sharff,99,99
mydaissc,My Dad is Scrooge,2,23,2014,1,6,CAN,MarVista Entertainement,Justin G Dyck,99,99
honotoroatr,How not to rob a Train,2,23,2014,6,9,UK,99,Anna Maguire,99,99
sweat,Sweat,2,23,2014,6,9,UK,Belle Films,David Allain,99,99
whkinenu,Who Killed Nelson Nutmeg,2,24,2015,1,1,UK,Nelson Nutmeg Pictures,Tim Clague,99,99
achca,A Christmas Carol,2,27,2018,1,5,USA,Towerflix,David Izatt,99,99
haen,Hallmark Entertainement,2,99,99,9,99,99,99,99,99,99
watowate,Wall to Wall Television,2,99,99,9,99,99,99,99,99,99
cojaen,Cookie Jar Enternainement,2,99,99,9,99,99,99,99,99,99
inen,Independent Entertainement,2,99,99,9,99,99,99,99,99,99
anolbrpr,An Olive Branch Productions,2,99,99,9,99,99,99,99,99,99
elci,Elemental Cinema,2,99,99,9,99,99,99,99,99,99
maen,MarVista Entertainement,2,99,99,9,99,99,99,99,99,99
befi,Belle Films,2,99,99,9,99,99,99,99,99,99
nenupi,Nelson Nutmeg Pictures,2,99,99,9,99,99,99,99,99,99
towerflix,Towerflix,2,99,99,9,99,99,99,99,99,99
chabe,Charles Beeson,2,99,99,8,99,99,99,99,99,99
ricusm,Richard Curson Smith,2,99,99,8,99,99,99,99,99,99
hema,Heather Martinez,2,99,99,8,99,99,99,99,99,99
stbr,Stephen Brown,2,99,99,8,99,99,99,99,99,99
johu,John Huddels,2,99,99,8,99,99,99,99,99,99
aash,Aaron Sharff,2,99,99,8,99,99,99,99,99,99
jugdy,Justin G Dyck,2,99,99,8,99,99,99,99,99,99
anma,Anna Maguire,2,99,99,8,99,99,99,99,99,99
daal,David Allain,2,99,99,8,99,99,99,99,99,99
ticl,Tim Clague,2,99,99,8,99,99,99,99,99,99
daiz,David Izatt,2,99,99,8,99,99,99,99,99,99
faha,Fair Harbor,2,99,99,3,99,99,99,99,99,99
glpopr,Global Poverty Project,2,99,99,6,99,99,99,99,99,99
sewecosewego,Seperate we come seperate we go,2,21,2012,1,2,UK,Bon Bon Lumiere,Bonnie Wright,99,99
knth,Know Thyself,2,23,2014,1,2,UK,Bon Bon Lumiere,Bonnie Wright,99,99
sextant,Sextant,2,25,2016,1,2,UK,Bon Bon Lumiere,Bonnie Wright,99,99
mean,Medusas Ankles,2,27,2018,1,2,UK,Bon Bon Lumiere,Bonnie Wright,99,99
bobolu,Bon Bon Lumiere,2,99,99,9,99,99,99,99,99,99
emwa,Emma (Charlotte Duerre) Watson,1,32,1990,7,99,99,99,99,99,99
bash,Ballet Shoes,2,17,2007,1,2,UK,BBC,Sandra Goldbacher,99,99
sago,Sandra Goldbacher,1,99,99,8,99,99,99,99,99,99
desperaux,Desperaux,2,18,2008,1,8,US,Universal Animation Studios,"Sam Fell, Robert Stevenhagen",99,99
safe,Sam Fell,1,99,99,8,99,99,99,99,99,99
rost,Robert Stevenhagen,1,99,99,8,99,99,99,99,99,99
universal,Universal Animation Studios,2,99,99,9,99,99,99,99,99,99
sayodowait,Say You Dont Want It,2,20,2010,5,99,99,Mercury Records,99,99,99
onnion,One Night Only,2,99,99,5,99,99,99,99,99,99
mere,Mercury Records,2,99,99,9,99,99,99,99,99,99
mywewima,My week with Marilyn,2,21,2011,1,1,UK,BBC,Simon Curtis,99,99
sicu,Simon Curtis,1,99,99,8,99,US,99,99,99,99
thpeofbeawa,The perks of being a Wallflower,2,22,2012,1,2,,"Summit Entertainment, Mr Mudd",Stephen Chbosky,99,99
stch,Stephen Chbosky,1,99,99,8,99,99,99,99,99,99
suen,Summit Entertainment,2,99,99,9,99,99,99,99,99,99
mrmu,Mr Mudd,2,99,99,9,99,99,99,99,99,99
codi,Colonia Dignidad,2,25,2015,1,1,DE,Iris Productions,Florian Gallenberger,99,99
flga,Florian Gallenberger,1,99,99,8,99,99,99,99,99,99
irpr,Iris Productions,2,99,,9,99,99,99,99,99,99
thbliri,The bling ring,2,23,2013,1,6,US,"American Zoetrope, Nala Films",Sofia Coppola,99,99
soco,Sofia Coppola,1,99,99,8,99,99,99,99,99,99
amto,American Zoetrope,2,99,99,9,99,99,99,99,99,99
nafi,Nala Films,2,99,99,9,99,99,99,99,99,99
thisthen,This is the end,2,23,2013,1,6,US,"Point Grey Pictures, Columbia Pictures","Seth Rogan, Evan Goldberg",99,99
sero,Seth Rogan,1,99,99,8,99,99,99,99,99,99
evgo,Evan Goldberg,1,99,99,8,99,99,99,99,99,99
pogrpi,Point Grey Pictures,2,99,99,9,99,99,99,99,99,99
copi,Columbia Pictures,2,99,99,9,99,99,99,99,99,99
noah,Noah,2,24,2014,1,1,US,Paramount Pictures,Darren Aronofsky,99,99
daar,Darren Aronofsky,1,99,99,8,99,99,99,99,99,99
papi,Paramount Pictures,2,99,99,9,99,99,99,99,99,99
thviofde,The Vicar of Debley,2,25,2015,2,6,UK,Tiger Aspect Productions,Dewi Humphrey,99,99
dehu,Dewi Humphrey,1,99,99,8,99,99,99,99,99,99
tiaspr,Tiger Aspect Productions,2,99,99,9,99,99,99,99,99,99
regression,Regression,2,25,2015,1,3,ES,Himenoptero,Alejandro Amenabar,99,99
alam,Alejandro Amenabar,1,99,99,8,99,99,99,99,99,99
himenoptero,Himenoptero,2,99,99,9,99,99,99,99,99,99
thci,The Circle,2,27,2017,1,3,US,"Playtone, Likely Story",James Ponsoldt,99,99
japo,James Ponsoldt,1,99,99,8,99,99,99,99,99,99
playtone,Playtone,2,99,99,9,99,99,99,99,99,99
list,Likely Story,2,99,99,9,99,99,99,99,99,99
beanthbe,Beatuy and the Beast,2,27,2017,1,2,US,"Walt Disney Pictures, Mandeville Films",Bill Condon,99,99
bico,Bill Condon,1,99,99,8,99,99,99,99,99,99
wadipi,Walt Disney Pictures,2,99,99,9,99,99,99,99,99,99
liwo,Little Women,2,29,2019,1,2,US,"Columbia Pictures, Pascal Pictures",Greta Gerwig,99,99
grge,Greta Gerwig,1,99,99,8,99,99,99,99,99,99
paspi,Pascal Pictures,2,99,99,9,99,99,99,99,99,99
burberry,Burberry,2,19,2009,3,99,99,99,99,99,99
petre,People Tree,2,20,2010,3,99,99,99,99,99,99
chanel,Chanel,2,18,2008,3,99,99,99,99,99,99
lancome,Lancome,2,21,2011,3,99,99,99,99,99,99
verwaltungsrat,Verwaltungsrat,2,30,2020,6,99,99,99,99,99,99
kering,Kering,2,30,2020,6,99,99,99,99,99,99
uno,United Nations Organization,2,99,99,6,99,99,99,99,99,99
fem,Frauenrechte,2,24,2014,6,99,99,99,99,99,99
oushsh,Our Shared Shelf,2,26,2016,6,99,99,99,99,99,99
amazon,Amazon,2,99,99,6,99,99,99,99,99,99
clim,UN Klimakonferenz,2,31,2021,6,99,99,99,99,99,99