from ,to ,relation
tofe,thdi,1
tofe,maennertrip,1
tofe,niwo,1
tofe,whot,1
tofe,pldeaf,1
tofe,apparition,1
tofe,davela,1
tofe,frthro,1
tofe,inse,1
tofe,dielbe,1
tofe,fuci1,1
tofe,fuci2,1
tofe,muinthfi,1
tofe,hoidibeapipl,6
tofe,agthsu,1
tofe,auferstanden,1
tofe,vovodewo,6
tofe,mefrthki,1
tofe,aunki,1
tofe,stratton,1
tofe,sere,1
tofe,thfl,1
tofe,feed,1
tofe,ophelia,1
tofe,jaaremsp,1
tofe,origin,1
tofe,brfowh,1
tofe,abagutomohu,1
tofe,discumdisc,1
tofe,ataoftwmi,1
tofe,sathci,1
tofe,cademu,1
tofe,ruedaryoen,1
tofe,burial,1
lotrpr,thdi,2
unst,maennertrip,2
eyen,niwo,2
20cefo,pldeaf,2
wabr,apparition,2
scfrpr,davela,2
frthropr,frthro,2
lden,inse,2
djfi,dielbe,2
motv,fuci1,2
motv,fuci2,2
tnt,muinthfi,2
thamfico,agthsu,2
lden,auferstanden,2
wian,vovodewo,2
bame,mefrthki,2
pauk,aunki,2
atar,stratton,2
lden,sere,2
bepr,thfl,2
inen,feed,2
come,ophelia,2
caen,jaaremsp,2
lebapi,origin,2
chbapr,brfowh,2
netflix,abagutomohu,2
lefi,discumdisc,2
tomfoolery,ataoftwmi,2
fuaren,sathci,2
avifi,cademu,2
rame,ruedaryoen,2
stfi,burial,2
roguerunner,whot,2
nafiantesc,hoidibeapipl,2
joke,thdi,3
nist,maennertrip,3
jogl,niwo,3
daha1,whot,3
ruwy,pldeaf,3
toli,apparition,3
crsm,davela,3
piba,frthro,3
chst,inse,3
amas,dielbe,3
niha,fuci1,3
mile,fuci2,3
jebo,muinthfi,3
topi,hoidibeapipl,3
brpefa,agthsu,3
kere,auferstanden,3
anga,vovodewo,3
faduwe,mefrthki,3
amas,aunki,3
siwe,stratton,3
gaco,sere,3
tobe,feed,3
clmc,ophelia,3
anga1,jaaremsp,3
semc,brfowh,3
rata,abagutomohu,3
mavahejr,discumdisc,3
tomfoolery,ataoftwmi,3
sasu,sathci,3
covo,cademu,3
jana,ruedaryoen,3
bepa,burial,3
pawsan,origin,3
anmu,thfl,3
